{"storageBackend":"System Keychain","storageLocation":"system keychain","credentials":[{"name":"Epiphany","keyId":"F44GR466T7","isDefault":true,"storedIn":"keychain"}],"environmentCredentialsProvided":false,"environmentCredentialsComplete":false}
{"version":"1.1.0","buildNumber":"202610052145","projectDir":"/Users/joshua/Documents/Code/nyc","changedFiles":["/Users/joshua/Documents/Code/nyc/NYCSurvive.xcodeproj/project.pbxproj"],"changes":[{"setting":"CURRENT_PROJECT_VERSION","oldValue":"8","newValue":"202610052145","configuration":"Debug","path":"/Users/joshua/Documents/Code/nyc/NYCSurvive.xcodeproj/project.pbxproj","source":"pbxproj"},{"setting":"MARKETING_VERSION","oldValue":"1.0.1","newValue":"1.1.0","configuration":"Debug","path":"/Users/joshua/Documents/Code/nyc/NYCSurvive.xcodeproj/project.pbxproj","source":"pbxproj"},{"setting":"CURRENT_PROJECT_VERSION","oldValue":"8","newValue":"202610052145","configuration":"Release","path":"/Users/joshua/Documents/Code/nyc/NYCSurvive.xcodeproj/project.pbxproj","source":"pbxproj"},{"setting":"MARKETING_VERSION","oldValue":"1.0.1","newValue":"1.1.0","configuration":"Release","path":"/Users/joshua/Documents/Code/nyc/NYCSurvive.xcodeproj/project.pbxproj","source":"pbxproj"}]}
Command line invocation:
    /Applications/Xcode.app/Contents/Developer/usr/bin/xcodebuild -project NYCSurvive.xcodeproj -scheme NYCSurvive-iOS -skipPackagePluginValidation -allowProvisioningUpdates archive -archivePath .asc/artifacts/NYCSurvive.xcarchive

2026-10-05 21:45:47.212 xcodebuild[91513:13054660] [MT] IDERunDestination: Supported platforms for the buildables in the current scheme is empty.
--- xcodebuild: WARNING: Using the first of multiple matching destinations:
{ platform:iOS, id:dvtdevice-DVTiPhonePlaceholder-iphoneos:placeholder, name:Any iOS Device }
{ platform:iOS Simulator, id:dvtdevice-DVTiOSDeviceSimulatorPlaceholder-iphonesimulator:placeholder, name:Any iOS Simulator Device }
{ platform:macOS, arch:arm64, variant:Designed for [iPad,iPhone], id:00008132-001238112E2A401C, name:My Mac }
{ platform:iOS, arch:arm64, id:00008150-000E408011E2401C, name:Joshua’s iPhone }
ComputePackagePrebuildTargetDependencyGraph

Prepare packages

CreateBuildRequest

SendProjectDescription

CreateBuildOperation

ComputeTargetDependencyGraph
note: Building targets in dependency order
note: Target dependency graph (1 target)
    Target 'NYCSurvive-iOS' in project 'NYCSurvive' (no dependencies)

GatherProvisioningInputs

CreateBuildDescription

ExecuteExternalTool /Applications/Xcode.app/Contents/Developer/Toolchains/XcodeDefault.xctoolchain/usr/bin/clang -v -E -dM -isysroot /Applications/Xcode.app/Contents/Developer/Platforms/iPhoneOS.platform/Developer/SDKs/iPhoneOS27.0.sdk -x c -c /dev/null

ExecuteExternalTool /Applications/Xcode.app/Contents/Developer/usr/bin/actool --print-asset-tag-combinations --output-format xml1 /Users/joshua/Documents/Code/nyc/Resources/Assets.xcassets

ExecuteExternalTool /Applications/Xcode.app/Contents/Developer/usr/bin/actool --version --output-format xml1

ExecuteExternalTool /Applications/Xcode.app/Contents/Developer/Toolchains/XcodeDefault.xctoolchain/usr/bin/swiftc --version

ExecuteExternalTool /Applications/Xcode.app/Contents/Developer/Toolchains/XcodeDefault.xctoolchain/usr/bin/ld -version_details

Build description signature: b01b5b228ce5ea27890b824ed8b0f783
Build description path: /Users/joshua/Library/Developer/Xcode/DerivedData/NYCSurvive-ghjqqqvbsxaxcgcvqpdwhlawlxhh/Build/Intermediates.noindex/ArchiveIntermediates/NYCSurvive-iOS/IntermediateBuildFilesPath/XCBuildData/b01b5b228ce5ea27890b824ed8b0f783.xcbuilddata
CreateBuildDirectory /Users/joshua/Library/Developer/Xcode/DerivedData/NYCSurvive-ghjqqqvbsxaxcgcvqpdwhlawlxhh/Build/Intermediates.noindex/ArchiveIntermediates/NYCSurvive-iOS/InstallationBuildProductsLocation
    cd /Users/joshua/Documents/Code/nyc/NYCSurvive.xcodeproj
    builtin-create-build-directory /Users/joshua/Library/Developer/Xcode/DerivedData/NYCSurvive-ghjqqqvbsxaxcgcvqpdwhlawlxhh/Build/Intermediates.noindex/ArchiveIntermediates/NYCSurvive-iOS/InstallationBuildProductsLocation

CreateBuildDirectory /Users/joshua/Library/Developer/Xcode/DerivedData/SDKExplicitPrecompiledModules
    cd /Users/joshua/Documents/Code/nyc/NYCSurvive.xcodeproj
    builtin-create-build-directory /Users/joshua/Library/Developer/Xcode/DerivedData/SDKExplicitPrecompiledModules

CreateBuildDirectory /Users/joshua/Library/Developer/Xcode/DerivedData/ModuleCache.noindex
    cd /Users/joshua/Documents/Code/nyc/NYCSurvive.xcodeproj
    builtin-create-build-directory /Users/joshua/Library/Developer/Xcode/DerivedData/ModuleCache.noindex

CreateBuildDirectory /Users/joshua/Library/Developer/Xcode/DerivedData/NYCSurvive-ghjqqqvbsxaxcgcvqpdwhlawlxhh/Build/Intermediates.noindex/ArchiveIntermediates/NYCSurvive-iOS/PrecompiledHeaders
    cd /Users/joshua/Documents/Code/nyc/NYCSurvive.xcodeproj
    builtin-create-build-directory /Users/joshua/Library/Developer/Xcode/DerivedData/NYCSurvive-ghjqqqvbsxaxcgcvqpdwhlawlxhh/Build/Intermediates.noindex/ArchiveIntermediates/NYCSurvive-iOS/PrecompiledHeaders

CreateBuildDirectory /Users/joshua/Library/Developer/Xcode/DerivedData/CompilationCache.noindex
    cd /Users/joshua/Documents/Code/nyc/NYCSurvive.xcodeproj
    builtin-create-build-directory /Users/joshua/Library/Developer/Xcode/DerivedData/CompilationCache.noindex

CreateBuildDirectory /Users/joshua/Library/Developer/Xcode/DerivedData/NYCSurvive-ghjqqqvbsxaxcgcvqpdwhlawlxhh/Build/Intermediates.noindex/ArchiveIntermediates/NYCSurvive-iOS/IntermediateBuildFilesPath
    cd /Users/joshua/Documents/Code/nyc/NYCSurvive.xcodeproj
    builtin-create-build-directory /Users/joshua/Library/Developer/Xcode/DerivedData/NYCSurvive-ghjqqqvbsxaxcgcvqpdwhlawlxhh/Build/Intermediates.noindex/ArchiveIntermediates/NYCSurvive-iOS/IntermediateBuildFilesPath

CreateBuildDirectory /Users/joshua/Library/Developer/Xcode/DerivedData/NYCSurvive-ghjqqqvbsxaxcgcvqpdwhlawlxhh/Build/Intermediates.noindex/ArchiveIntermediates/NYCSurvive-iOS/BuildProductsPath
    cd /Users/joshua/Documents/Code/nyc/NYCSurvive.xcodeproj
    builtin-create-build-directory /Users/joshua/Library/Developer/Xcode/DerivedData/NYCSurvive-ghjqqqvbsxaxcgcvqpdwhlawlxhh/Build/Intermediates.noindex/ArchiveIntermediates/NYCSurvive-iOS/BuildProductsPath

ClangStatCache /Applications/Xcode.app/Contents/Developer/Toolchains/XcodeDefault.xctoolchain/usr/bin/clang-stat-cache /Applications/Xcode.app/Contents/Developer/Platforms/iPhoneOS.platform/Developer/SDKs/iPhoneOS27.0.sdk /Users/joshua/Library/Developer/Xcode/DerivedData/SDKStatCaches.noindex/iphoneos27.0-24A430-e829b21a6f8c9b70876ba0858053c0446c78b3cbc238196c85e1bf6c792c5915.sdkstatcache
    cd /Users/joshua/Documents/Code/nyc/NYCSurvive.xcodeproj
    /Applications/Xcode.app/Contents/Developer/Toolchains/XcodeDefault.xctoolchain/usr/bin/clang-stat-cache /Applications/Xcode.app/Contents/Developer/Platforms/iPhoneOS.platform/Developer/SDKs/iPhoneOS27.0.sdk -o /Users/joshua/Library/Developer/Xcode/DerivedData/SDKStatCaches.noindex/iphoneos27.0-24A430-e829b21a6f8c9b70876ba0858053c0446c78b3cbc238196c85e1bf6c792c5915.sdkstatcache

CreateBuildDirectory /Users/joshua/Library/Developer/Xcode/DerivedData/NYCSurvive-ghjqqqvbsxaxcgcvqpdwhlawlxhh/Build/Intermediates.noindex/ArchiveIntermediates/NYCSurvive-iOS/IntermediateBuildFilesPath/SwiftExplicitPrecompiledModules
    cd /Users/joshua/Documents/Code/nyc/NYCSurvive.xcodeproj
    builtin-create-build-directory /Users/joshua/Library/Developer/Xcode/DerivedData/NYCSurvive-ghjqqqvbsxaxcgcvqpdwhlawlxhh/Build/Intermediates.noindex/ArchiveIntermediates/NYCSurvive-iOS/IntermediateBuildFilesPath/SwiftExplicitPrecompiledModules

CreateBuildDirectory /Users/joshua/Library/Developer/Xcode/DerivedData/NYCSurvive-ghjqqqvbsxaxcgcvqpdwhlawlxhh/Build/Intermediates.noindex/ArchiveIntermediates/NYCSurvive-iOS/IntermediateBuildFilesPath/ExplicitPrecompiledModules
    cd /Users/joshua/Documents/Code/nyc/NYCSurvive.xcodeproj
    builtin-create-build-directory /Users/joshua/Library/Developer/Xcode/DerivedData/NYCSurvive-ghjqqqvbsxaxcgcvqpdwhlawlxhh/Build/Intermediates.noindex/ArchiveIntermediates/NYCSurvive-iOS/IntermediateBuildFilesPath/ExplicitPrecompiledModules

CreateBuildDirectory /Users/joshua/Library/Developer/Xcode/DerivedData/NYCSurvive-ghjqqqvbsxaxcgcvqpdwhlawlxhh/Build/Intermediates.noindex/ArchiveIntermediates/NYCSurvive-iOS/IntermediateBuildFilesPath/EagerLinkingTBDs/Release-iphoneos
    cd /Users/joshua/Documents/Code/nyc/NYCSurvive.xcodeproj
    builtin-create-build-directory /Users/joshua/Library/Developer/Xcode/DerivedData/NYCSurvive-ghjqqqvbsxaxcgcvqpdwhlawlxhh/Build/Intermediates.noindex/ArchiveIntermediates/NYCSurvive-iOS/IntermediateBuildFilesPath/EagerLinkingTBDs/Release-iphoneos

CreateBuildDirectory /Users/joshua/Library/Developer/Xcode/DerivedData/NYCSurvive-ghjqqqvbsxaxcgcvqpdwhlawlxhh/Build/Intermediates.noindex/ArchiveIntermediates/NYCSurvive-iOS/BuildProductsPath/Release-iphoneos
    cd /Users/joshua/Documents/Code/nyc/NYCSurvive.xcodeproj
    builtin-create-build-directory /Users/joshua/Library/Developer/Xcode/DerivedData/NYCSurvive-ghjqqqvbsxaxcgcvqpdwhlawlxhh/Build/Intermediates.noindex/ArchiveIntermediates/NYCSurvive-iOS/BuildProductsPath/Release-iphoneos

WriteAuxiliaryFile /Users/joshua/Library/Developer/Xcode/DerivedData/NYCSurvive-ghjqqqvbsxaxcgcvqpdwhlawlxhh/Build/Intermediates.noindex/ArchiveIntermediates/NYCSurvive-iOS/IntermediateBuildFilesPath/NYCSurvive.build/Release-iphoneos/NYCSurvive-22cea5282bf78aa8bb1a19cde844e109-VFS-iphoneos/all-product-headers.yaml
    cd /Users/joshua/Documents/Code/nyc/NYCSurvive.xcodeproj
    write-file /Users/joshua/Library/Developer/Xcode/DerivedData/NYCSurvive-ghjqqqvbsxaxcgcvqpdwhlawlxhh/Build/Intermediates.noindex/ArchiveIntermediates/NYCSurvive-iOS/IntermediateBuildFilesPath/NYCSurvive.build/Release-iphoneos/NYCSurvive-22cea5282bf78aa8bb1a19cde844e109-VFS-iphoneos/all-product-headers.yaml

WriteAuxiliaryFile /Users/joshua/Library/Developer/Xcode/DerivedData/NYCSurvive-ghjqqqvbsxaxcgcvqpdwhlawlxhh/Build/Intermediates.noindex/ArchiveIntermediates/NYCSurvive-iOS/IntermediateBuildFilesPath/NYCSurvive.build/Release-iphoneos/NYCSurvive-iOS.build/Objects-normal/arm64/NYCSurvive-iOS.SwiftConstValuesFileList (in target 'NYCSurvive-iOS' from project 'NYCSurvive')
    cd /Users/joshua/Documents/Code/nyc
    write-file /Users/joshua/Library/Developer/Xcode/DerivedData/NYCSurvive-ghjqqqvbsxaxcgcvqpdwhlawlxhh/Build/Intermediates.noindex/ArchiveIntermediates/NYCSurvive-iOS/IntermediateBuildFilesPath/NYCSurvive.build/Release-iphoneos/NYCSurvive-iOS.build/Objects-normal/arm64/NYCSurvive-iOS.SwiftConstValuesFileList

WriteAuxiliaryFile /Users/joshua/Library/Developer/Xcode/DerivedData/NYCSurvive-ghjqqqvbsxaxcgcvqpdwhlawlxhh/Build/Intermediates.noindex/ArchiveIntermediates/NYCSurvive-iOS/IntermediateBuildFilesPath/NYCSurvive.build/Release-iphoneos/NYCSurvive-iOS.build/Objects-normal/arm64/NYCSurvive-iOS.SwiftFileList (in target 'NYCSurvive-iOS' from project 'NYCSurvive')
    cd /Users/joshua/Documents/Code/nyc
    write-file /Users/joshua/Library/Developer/Xcode/DerivedData/NYCSurvive-ghjqqqvbsxaxcgcvqpdwhlawlxhh/Build/Intermediates.noindex/ArchiveIntermediates/NYCSurvive-iOS/IntermediateBuildFilesPath/NYCSurvive.build/Release-iphoneos/NYCSurvive-iOS.build/Objects-normal/arm64/NYCSurvive-iOS.SwiftFileList

WriteAuxiliaryFile /Users/joshua/Library/Developer/Xcode/DerivedData/NYCSurvive-ghjqqqvbsxaxcgcvqpdwhlawlxhh/Build/Intermediates.noindex/ArchiveIntermediates/NYCSurvive-iOS/IntermediateBuildFilesPath/NYCSurvive.build/Release-iphoneos/NYCSurvive-iOS.build/Objects-normal/arm64/NYCSurvive-iOS_const_extract_protocols.json (in target 'NYCSurvive-iOS' from project 'NYCSurvive')
    cd /Users/joshua/Documents/Code/nyc
    write-file /Users/joshua/Library/Developer/Xcode/DerivedData/NYCSurvive-ghjqqqvbsxaxcgcvqpdwhlawlxhh/Build/Intermediates.noindex/ArchiveIntermediates/NYCSurvive-iOS/IntermediateBuildFilesPath/NYCSurvive.build/Release-iphoneos/NYCSurvive-iOS.build/Objects-normal/arm64/NYCSurvive-iOS_const_extract_protocols.json

WriteAuxiliaryFile /Users/joshua/Library/Developer/Xcode/DerivedData/NYCSurvive-ghjqqqvbsxaxcgcvqpdwhlawlxhh/Build/Intermediates.noindex/ArchiveIntermediates/NYCSurvive-iOS/IntermediateBuildFilesPath/NYCSurvive.build/Release-iphoneos/NYCSurvive-iOS.build/Objects-normal/arm64/NYCSurvive-iOS.LinkFileList (in target 'NYCSurvive-iOS' from project 'NYCSurvive')
    cd /Users/joshua/Documents/Code/nyc
    write-file /Users/joshua/Library/Developer/Xcode/DerivedData/NYCSurvive-ghjqqqvbsxaxcgcvqpdwhlawlxhh/Build/Intermediates.noindex/ArchiveIntermediates/NYCSurvive-iOS/IntermediateBuildFilesPath/NYCSurvive.build/Release-iphoneos/NYCSurvive-iOS.build/Objects-normal/arm64/NYCSurvive-iOS.LinkFileList

WriteAuxiliaryFile /Users/joshua/Library/Developer/Xcode/DerivedData/NYCSurvive-ghjqqqvbsxaxcgcvqpdwhlawlxhh/Build/Intermediates.noindex/ArchiveIntermediates/NYCSurvive-iOS/IntermediateBuildFilesPath/NYCSurvive.build/Release-iphoneos/NYCSurvive-iOS.build/Objects-normal/arm64/NYCSurvive-iOS-OutputFileMap.json (in target 'NYCSurvive-iOS' from project 'NYCSurvive')
    cd /Users/joshua/Documents/Code/nyc
    write-file /Users/joshua/Library/Developer/Xcode/DerivedData/NYCSurvive-ghjqqqvbsxaxcgcvqpdwhlawlxhh/Build/Intermediates.noindex/ArchiveIntermediates/NYCSurvive-iOS/IntermediateBuildFilesPath/NYCSurvive.build/Release-iphoneos/NYCSurvive-iOS.build/Objects-normal/arm64/NYCSurvive-iOS-OutputFileMap.json

WriteAuxiliaryFile /Users/joshua/Library/Developer/Xcode/DerivedData/NYCSurvive-ghjqqqvbsxaxcgcvqpdwhlawlxhh/Build/Intermediates.noindex/ArchiveIntermediates/NYCSurvive-iOS/IntermediateBuildFilesPath/NYCSurvive.build/Release-iphoneos/NYCSurvive-iOS.build/NYCSurvive-iOS.hmap (in target 'NYCSurvive-iOS' from project 'NYCSurvive')
    cd /Users/joshua/Documents/Code/nyc
    write-file /Users/joshua/Library/Developer/Xcode/DerivedData/NYCSurvive-ghjqqqvbsxaxcgcvqpdwhlawlxhh/Build/Intermediates.noindex/ArchiveIntermediates/NYCSurvive-iOS/IntermediateBuildFilesPath/NYCSurvive.build/Release-iphoneos/NYCSurvive-iOS.build/NYCSurvive-iOS.hmap

WriteAuxiliaryFile /Users/joshua/Library/Developer/Xcode/DerivedData/NYCSurvive-ghjqqqvbsxaxcgcvqpdwhlawlxhh/Build/Intermediates.noindex/ArchiveIntermediates/NYCSurvive-iOS/IntermediateBuildFilesPath/NYCSurvive.build/Release-iphoneos/NYCSurvive-iOS.build/NYCSurvive-iOS.DependencyStaticMetadataFileList (in target 'NYCSurvive-iOS' from project 'NYCSurvive')
    cd /Users/joshua/Documents/Code/nyc
    write-file /Users/joshua/Library/Developer/Xcode/DerivedData/NYCSurvive-ghjqqqvbsxaxcgcvqpdwhlawlxhh/Build/Intermediates.noindex/ArchiveIntermediates/NYCSurvive-iOS/IntermediateBuildFilesPath/NYCSurvive.build/Release-iphoneos/NYCSurvive-iOS.build/NYCSurvive-iOS.DependencyStaticMetadataFileList

WriteAuxiliaryFile /Users/joshua/Library/Developer/Xcode/DerivedData/NYCSurvive-ghjqqqvbsxaxcgcvqpdwhlawlxhh/Build/Intermediates.noindex/ArchiveIntermediates/NYCSurvive-iOS/IntermediateBuildFilesPath/NYCSurvive.build/Release-iphoneos/NYCSurvive-iOS.build/NYCSurvive-iOS.DependencyMetadataFileList (in target 'NYCSurvive-iOS' from project 'NYCSurvive')
    cd /Users/joshua/Documents/Code/nyc
    write-file /Users/joshua/Library/Developer/Xcode/DerivedData/NYCSurvive-ghjqqqvbsxaxcgcvqpdwhlawlxhh/Build/Intermediates.noindex/ArchiveIntermediates/NYCSurvive-iOS/IntermediateBuildFilesPath/NYCSurvive.build/Release-iphoneos/NYCSurvive-iOS.build/NYCSurvive-iOS.DependencyMetadataFileList

WriteAuxiliaryFile /Users/joshua/Library/Developer/Xcode/DerivedData/NYCSurvive-ghjqqqvbsxaxcgcvqpdwhlawlxhh/Build/Intermediates.noindex/ArchiveIntermediates/NYCSurvive-iOS/IntermediateBuildFilesPath/NYCSurvive.build/Release-iphoneos/NYCSurvive-iOS.build/NYCSurvive-iOS-project-headers.hmap (in target 'NYCSurvive-iOS' from project 'NYCSurvive')
    cd /Users/joshua/Documents/Code/nyc
    write-file /Users/joshua/Library/Developer/Xcode/DerivedData/NYCSurvive-ghjqqqvbsxaxcgcvqpdwhlawlxhh/Build/Intermediates.noindex/ArchiveIntermediates/NYCSurvive-iOS/IntermediateBuildFilesPath/NYCSurvive.build/Release-iphoneos/NYCSurvive-iOS.build/NYCSurvive-iOS-project-headers.hmap

WriteAuxiliaryFile /Users/joshua/Library/Developer/Xcode/DerivedData/NYCSurvive-ghjqqqvbsxaxcgcvqpdwhlawlxhh/Build/Intermediates.noindex/ArchiveIntermediates/NYCSurvive-iOS/IntermediateBuildFilesPath/NYCSurvive.build/Release-iphoneos/NYCSurvive-iOS.build/NYCSurvive-iOS-own-target-headers.hmap (in target 'NYCSurvive-iOS' from project 'NYCSurvive')
    cd /Users/joshua/Documents/Code/nyc
    write-file /Users/joshua/Library/Developer/Xcode/DerivedData/NYCSurvive-ghjqqqvbsxaxcgcvqpdwhlawlxhh/Build/Intermediates.noindex/ArchiveIntermediates/NYCSurvive-iOS/IntermediateBuildFilesPath/NYCSurvive.build/Release-iphoneos/NYCSurvive-iOS.build/NYCSurvive-iOS-own-target-headers.hmap

WriteAuxiliaryFile /Users/joshua/Library/Developer/Xcode/DerivedData/NYCSurvive-ghjqqqvbsxaxcgcvqpdwhlawlxhh/Build/Intermediates.noindex/ArchiveIntermediates/NYCSurvive-iOS/IntermediateBuildFilesPath/NYCSurvive.build/Release-iphoneos/NYCSurvive-iOS.build/NYCSurvive-iOS-generated-files.hmap (in target 'NYCSurvive-iOS' from project 'NYCSurvive')
    cd /Users/joshua/Documents/Code/nyc
    write-file /Users/joshua/Library/Developer/Xcode/DerivedData/NYCSurvive-ghjqqqvbsxaxcgcvqpdwhlawlxhh/Build/Intermediates.noindex/ArchiveIntermediates/NYCSurvive-iOS/IntermediateBuildFilesPath/NYCSurvive.build/Release-iphoneos/NYCSurvive-iOS.build/NYCSurvive-iOS-generated-files.hmap

WriteAuxiliaryFile /Users/joshua/Library/Developer/Xcode/DerivedData/NYCSurvive-ghjqqqvbsxaxcgcvqpdwhlawlxhh/Build/Intermediates.noindex/ArchiveIntermediates/NYCSurvive-iOS/IntermediateBuildFilesPath/NYCSurvive.build/Release-iphoneos/NYCSurvive-iOS.build/NYCSurvive-iOS-all-target-headers.hmap (in target 'NYCSurvive-iOS' from project 'NYCSurvive')
    cd /Users/joshua/Documents/Code/nyc
    write-file /Users/joshua/Library/Developer/Xcode/DerivedData/NYCSurvive-ghjqqqvbsxaxcgcvqpdwhlawlxhh/Build/Intermediates.noindex/ArchiveIntermediates/NYCSurvive-iOS/IntermediateBuildFilesPath/NYCSurvive.build/Release-iphoneos/NYCSurvive-iOS.build/NYCSurvive-iOS-all-target-headers.hmap

WriteAuxiliaryFile /Users/joshua/Library/Developer/Xcode/DerivedData/NYCSurvive-ghjqqqvbsxaxcgcvqpdwhlawlxhh/Build/Intermediates.noindex/ArchiveIntermediates/NYCSurvive-iOS/IntermediateBuildFilesPath/NYCSurvive.build/Release-iphoneos/NYCSurvive-iOS.build/NYCSurvive-iOS-all-non-framework-target-headers.hmap (in target 'NYCSurvive-iOS' from project 'NYCSurvive')
    cd /Users/joshua/Documents/Code/nyc
    write-file /Users/joshua/Library/Developer/Xcode/DerivedData/NYCSurvive-ghjqqqvbsxaxcgcvqpdwhlawlxhh/Build/Intermediates.noindex/ArchiveIntermediates/NYCSurvive-iOS/IntermediateBuildFilesPath/NYCSurvive.build/Release-iphoneos/NYCSurvive-iOS.build/NYCSurvive-iOS-all-non-framework-target-headers.hmap

WriteAuxiliaryFile /Users/joshua/Library/Developer/Xcode/DerivedData/NYCSurvive-ghjqqqvbsxaxcgcvqpdwhlawlxhh/Build/Intermediates.noindex/ArchiveIntermediates/NYCSurvive-iOS/IntermediateBuildFilesPath/NYCSurvive.build/Release-iphoneos/NYCSurvive-iOS.build/DerivedSources/Entitlements.plist (in target 'NYCSurvive-iOS' from project 'NYCSurvive')
    cd /Users/joshua/Documents/Code/nyc
    write-file /Users/joshua/Library/Developer/Xcode/DerivedData/NYCSurvive-ghjqqqvbsxaxcgcvqpdwhlawlxhh/Build/Intermediates.noindex/ArchiveIntermediates/NYCSurvive-iOS/IntermediateBuildFilesPath/NYCSurvive.build/Release-iphoneos/NYCSurvive-iOS.build/DerivedSources/Entitlements.plist

SymLink /Users/joshua/Library/Developer/Xcode/DerivedData/NYCSurvive-ghjqqqvbsxaxcgcvqpdwhlawlxhh/Build/Intermediates.noindex/ArchiveIntermediates/NYCSurvive-iOS/BuildProductsPath/Release-iphoneos/NYCSurvive-iOS.app ../../InstallationBuildProductsLocation/Applications/NYCSurvive-iOS.app (in target 'NYCSurvive-iOS' from project 'NYCSurvive')
    cd /Users/joshua/Documents/Code/nyc
    /bin/ln -sfh ../../InstallationBuildProductsLocation/Applications/NYCSurvive-iOS.app /Users/joshua/Library/Developer/Xcode/DerivedData/NYCSurvive-ghjqqqvbsxaxcgcvqpdwhlawlxhh/Build/Intermediates.noindex/ArchiveIntermediates/NYCSurvive-iOS/BuildProductsPath/Release-iphoneos/NYCSurvive-iOS.app

MkDir /Users/joshua/Library/Developer/Xcode/DerivedData/NYCSurvive-ghjqqqvbsxaxcgcvqpdwhlawlxhh/Build/Intermediates.noindex/ArchiveIntermediates/NYCSurvive-iOS/InstallationBuildProductsLocation/Applications/NYCSurvive-iOS.app (in target 'NYCSurvive-iOS' from project 'NYCSurvive')
    cd /Users/joshua/Documents/Code/nyc
    /bin/mkdir -p /Users/joshua/Library/Developer/Xcode/DerivedData/NYCSurvive-ghjqqqvbsxaxcgcvqpdwhlawlxhh/Build/Intermediates.noindex/ArchiveIntermediates/NYCSurvive-iOS/InstallationBuildProductsLocation/Applications/NYCSurvive-iOS.app

ProcessProductPackaging /Users/joshua/Library/Developer/Xcode/UserData/Provisioning\ Profiles/68658300-a1c5-42da-af2d-6755b6d27bb2.mobileprovision /Users/joshua/Library/Developer/Xcode/DerivedData/NYCSurvive-ghjqqqvbsxaxcgcvqpdwhlawlxhh/Build/Intermediates.noindex/ArchiveIntermediates/NYCSurvive-iOS/InstallationBuildProductsLocation/Applications/NYCSurvive-iOS.app/embedded.mobileprovision (in target 'NYCSurvive-iOS' from project 'NYCSurvive')
    cd /Users/joshua/Documents/Code/nyc
    builtin-productPackagingUtility /Users/joshua/Library/Developer/Xcode/UserData/Provisioning\ Profiles/68658300-a1c5-42da-af2d-6755b6d27bb2.mobileprovision -o /Users/joshua/Library/Developer/Xcode/DerivedData/NYCSurvive-ghjqqqvbsxaxcgcvqpdwhlawlxhh/Build/Intermediates.noindex/ArchiveIntermediates/NYCSurvive-iOS/InstallationBuildProductsLocation/Applications/NYCSurvive-iOS.app/embedded.mobileprovision

ProcessProductPackaging "" /Users/joshua/Library/Developer/Xcode/DerivedData/NYCSurvive-ghjqqqvbsxaxcgcvqpdwhlawlxhh/Build/Intermediates.noindex/ArchiveIntermediates/NYCSurvive-iOS/IntermediateBuildFilesPath/NYCSurvive.build/Release-iphoneos/NYCSurvive-iOS.build/NYCSurvive-iOS.app.xcent (in target 'NYCSurvive-iOS' from project 'NYCSurvive')
    cd /Users/joshua/Documents/Code/nyc
    
    Entitlements:
    
    {
    "application-identifier" = "QMM486NPYC.com.heyitsmejosh.nyc";
    "com.apple.developer.team-identifier" = QMM486NPYC;
    "get-task-allow" = 1;
}
    
    builtin-productPackagingUtility -entitlements -format xml -o /Users/joshua/Library/Developer/Xcode/DerivedData/NYCSurvive-ghjqqqvbsxaxcgcvqpdwhlawlxhh/Build/Intermediates.noindex/ArchiveIntermediates/NYCSurvive-iOS/IntermediateBuildFilesPath/NYCSurvive.build/Release-iphoneos/NYCSurvive-iOS.build/NYCSurvive-iOS.app.xcent

ProcessProductPackagingDER /Users/joshua/Library/Developer/Xcode/DerivedData/NYCSurvive-ghjqqqvbsxaxcgcvqpdwhlawlxhh/Build/Intermediates.noindex/ArchiveIntermediates/NYCSurvive-iOS/IntermediateBuildFilesPath/NYCSurvive.build/Release-iphoneos/NYCSurvive-iOS.build/NYCSurvive-iOS.app.xcent /Users/joshua/Library/Developer/Xcode/DerivedData/NYCSurvive-ghjqqqvbsxaxcgcvqpdwhlawlxhh/Build/Intermediates.noindex/ArchiveIntermediates/NYCSurvive-iOS/IntermediateBuildFilesPath/NYCSurvive.build/Release-iphoneos/NYCSurvive-iOS.build/NYCSurvive-iOS.app.xcent.der (in target 'NYCSurvive-iOS' from project 'NYCSurvive')
    cd /Users/joshua/Documents/Code/nyc
    /usr/bin/derq query -f xml -i /Users/joshua/Library/Developer/Xcode/DerivedData/NYCSurvive-ghjqqqvbsxaxcgcvqpdwhlawlxhh/Build/Intermediates.noindex/ArchiveIntermediates/NYCSurvive-iOS/IntermediateBuildFilesPath/NYCSurvive.build/Release-iphoneos/NYCSurvive-iOS.build/NYCSurvive-iOS.app.xcent -o /Users/joshua/Library/Developer/Xcode/DerivedData/NYCSurvive-ghjqqqvbsxaxcgcvqpdwhlawlxhh/Build/Intermediates.noindex/ArchiveIntermediates/NYCSurvive-iOS/IntermediateBuildFilesPath/NYCSurvive.build/Release-iphoneos/NYCSurvive-iOS.build/NYCSurvive-iOS.app.xcent.der --raw

CopyPlistFile /Users/joshua/Library/Developer/Xcode/DerivedData/NYCSurvive-ghjqqqvbsxaxcgcvqpdwhlawlxhh/Build/Intermediates.noindex/ArchiveIntermediates/NYCSurvive-iOS/InstallationBuildProductsLocation/Applications/NYCSurvive-iOS.app/NYCSurvive.entitlements /Users/joshua/Documents/Code/nyc/Resources/NYCSurvive.entitlements (in target 'NYCSurvive-iOS' from project 'NYCSurvive')
    cd /Users/joshua/Documents/Code/nyc
    builtin-copyPlist --convert binary1 --outdir /Users/joshua/Library/Developer/Xcode/DerivedData/NYCSurvive-ghjqqqvbsxaxcgcvqpdwhlawlxhh/Build/Intermediates.noindex/ArchiveIntermediates/NYCSurvive-iOS/InstallationBuildProductsLocation/Applications/NYCSurvive-iOS.app -- /Users/joshua/Documents/Code/nyc/Resources/NYCSurvive.entitlements

GenerateAssetSymbols /Users/joshua/Documents/Code/nyc/Resources/Assets.xcassets (in target 'NYCSurvive-iOS' from project 'NYCSurvive')
    cd /Users/joshua/Documents/Code/nyc
    /Applications/Xcode.app/Contents/Developer/usr/bin/actool /Users/joshua/Documents/Code/nyc/Resources/Assets.xcassets --compile /Users/joshua/Library/Developer/Xcode/DerivedData/NYCSurvive-ghjqqqvbsxaxcgcvqpdwhlawlxhh/Build/Intermediates.noindex/ArchiveIntermediates/NYCSurvive-iOS/InstallationBuildProductsLocation/Applications/NYCSurvive-iOS.app --output-format human-readable-text --notices --warnings --export-dependency-info /Users/joshua/Library/Developer/Xcode/DerivedData/NYCSurvive-ghjqqqvbsxaxcgcvqpdwhlawlxhh/Build/Intermediates.noindex/ArchiveIntermediates/NYCSurvive-iOS/IntermediateBuildFilesPath/NYCSurvive.build/Release-iphoneos/NYCSurvive-iOS.build/assetcatalog_dependencies --output-partial-info-plist /Users/joshua/Library/Developer/Xcode/DerivedData/NYCSurvive-ghjqqqvbsxaxcgcvqpdwhlawlxhh/Build/Intermediates.noindex/ArchiveIntermediates/NYCSurvive-iOS/IntermediateBuildFilesPath/NYCSurvive.build/Release-iphoneos/NYCSurvive-iOS.build/assetcatalog_generated_info.plist --app-icon AppIcon --compress-pngs --enable-on-demand-resources YES --development-region en --target-device iphone --target-device ipad --minimum-deployment-target 17.0 --platform iphoneos --bundle-identifier com.heyitsmejosh.nyc --generate-swift-asset-symbol-extensions NO --generate-swift-asset-symbols /Users/joshua/Library/Developer/Xcode/DerivedData/NYCSurvive-ghjqqqvbsxaxcgcvqpdwhlawlxhh/Build/Intermediates.noindex/ArchiveIntermediates/NYCSurvive-iOS/IntermediateBuildFilesPath/NYCSurvive.build/Release-iphoneos/NYCSurvive-iOS.build/DerivedSources/GeneratedAssetSymbols.swift --generate-objc-asset-symbols /Users/joshua/Library/Developer/Xcode/DerivedData/NYCSurvive-ghjqqqvbsxaxcgcvqpdwhlawlxhh/Build/Intermediates.noindex/ArchiveIntermediates/NYCSurvive-iOS/IntermediateBuildFilesPath/NYCSurvive.build/Release-iphoneos/NYCSurvive-iOS.build/DerivedSources/GeneratedAssetSymbols.h --generate-asset-symbol-index /Users/joshua/Library/Developer/Xcode/DerivedData/NYCSurvive-ghjqqqvbsxaxcgcvqpdwhlawlxhh/Build/Intermediates.noindex/ArchiveIntermediates/NYCSurvive-iOS/IntermediateBuildFilesPath/NYCSurvive.build/Release-iphoneos/NYCSurvive-iOS.build/DerivedSources/GeneratedAssetSymbols-Index.plist
/* com.apple.actool.document.warnings */
/Users/joshua/Documents/Code/nyc/Resources/Assets.xcassets:./AppIcon.appiconset/[][iphone][29x29][][][3x][][][][]: warning: AppIcon.appiconset/icon_60.png is 60x60 but should be 87x87.
/Users/joshua/Documents/Code/nyc/Resources/Assets.xcassets:./AppIcon.appiconset/[][ipad][29x29][][][1x][][][][]: warning: AppIcon.appiconset/icon_60.png is 60x60 but should be 29x29.
/Users/joshua/Documents/Code/nyc/Resources/Assets.xcassets:./AppIcon.appiconset/[][ipad][20x20][][][1x][][][][]: warning: AppIcon.appiconset/icon_40.png is 40x40 but should be 20x20.
/Users/joshua/Documents/Code/nyc/Resources/Assets.xcassets:./AppIcon.appiconset/[][iphone][29x29][][][2x][][][][]: warning: AppIcon.appiconset/icon_60.png is 60x60 but should be 58x58.
/Users/joshua/Documents/Code/nyc/Resources/Assets.xcassets:./AppIcon.appiconset/[][ipad][29x29][][][2x][][][][]: warning: AppIcon.appiconset/icon_60.png is 60x60 but should be 58x58.
/Users/joshua/Documents/Code/nyc/Resources/Assets.xcassets:./AppIcon.appiconset/[][iphone][60x60][][][3x][][][][]: warning: AppIcon.appiconset/icon_1024.png is 1024x1024 but should be 180x180.
/Users/joshua/Documents/Code/nyc/Resources/Assets.xcassets:./AppIcon.appiconset/[][iphone][29x29][][][3x][][][][]: warning: AppIcon.appiconset/icon_60.png is 60x60 but should be 87x87.
/Users/joshua/Documents/Code/nyc/Resources/Assets.xcassets:./AppIcon.appiconset/[][ipad][29x29][][][1x][][][][]: warning: AppIcon.appiconset/icon_60.png is 60x60 but should be 29x29.
/Users/joshua/Documents/Code/nyc/Resources/Assets.xcassets:./AppIcon.appiconset/[][ipad][20x20][][][1x][][][][]: warning: AppIcon.appiconset/icon_40.png is 40x40 but should be 20x20.
/Users/joshua/Documents/Code/nyc/Resources/Assets.xcassets:./AppIcon.appiconset/[][iphone][29x29][][][2x][][][][]: warning: AppIcon.appiconset/icon_60.png is 60x60 but should be 58x58.
/Users/joshua/Documents/Code/nyc/Resources/Assets.xcassets:./AppIcon.appiconset/[][ipad][29x29][][][2x][][][][]: warning: AppIcon.appiconset/icon_60.png is 60x60 but should be 58x58.
/Users/joshua/Documents/Code/nyc/Resources/Assets.xcassets:./AppIcon.appiconset/[][iphone][60x60][][][3x][][][][]: warning: AppIcon.appiconset/icon_1024.png is 1024x1024 but should be 180x180.
/* com.apple.actool.compilation-results */
/Users/joshua/Library/Developer/Xcode/DerivedData/NYCSurvive-ghjqqqvbsxaxcgcvqpdwhlawlxhh/Build/Intermediates.noindex/ArchiveIntermediates/NYCSurvive-iOS/IntermediateBuildFilesPath/NYCSurvive.build/Release-iphoneos/NYCSurvive-iOS.build/DerivedSources/GeneratedAssetSymbols-Index.plist
/Users/joshua/Library/Developer/Xcode/DerivedData/NYCSurvive-ghjqqqvbsxaxcgcvqpdwhlawlxhh/Build/Intermediates.noindex/ArchiveIntermediates/NYCSurvive-iOS/IntermediateBuildFilesPath/NYCSurvive.build/Release-iphoneos/NYCSurvive-iOS.build/DerivedSources/GeneratedAssetSymbols.h
/Users/joshua/Library/Developer/Xcode/DerivedData/NYCSurvive-ghjqqqvbsxaxcgcvqpdwhlawlxhh/Build/Intermediates.noindex/ArchiveIntermediates/NYCSurvive-iOS/IntermediateBuildFilesPath/NYCSurvive.build/Release-iphoneos/NYCSurvive-iOS.build/DerivedSources/GeneratedAssetSymbols.swift


MkDir /Users/joshua/Library/Developer/Xcode/DerivedData/NYCSurvive-ghjqqqvbsxaxcgcvqpdwhlawlxhh/Build/Intermediates.noindex/ArchiveIntermediates/NYCSurvive-iOS/IntermediateBuildFilesPath/NYCSurvive.build/Release-iphoneos/NYCSurvive-iOS.build/assetcatalog_output/unthinned (in target 'NYCSurvive-iOS' from project 'NYCSurvive')
    cd /Users/joshua/Documents/Code/nyc
    /bin/mkdir -p /Users/joshua/Library/Developer/Xcode/DerivedData/NYCSurvive-ghjqqqvbsxaxcgcvqpdwhlawlxhh/Build/Intermediates.noindex/ArchiveIntermediates/NYCSurvive-iOS/IntermediateBuildFilesPath/NYCSurvive.build/Release-iphoneos/NYCSurvive-iOS.build/assetcatalog_output/unthinned

CopyPlistFile /Users/joshua/Library/Developer/Xcode/DerivedData/NYCSurvive-ghjqqqvbsxaxcgcvqpdwhlawlxhh/Build/Intermediates.noindex/ArchiveIntermediates/NYCSurvive-iOS/InstallationBuildProductsLocation/Applications/NYCSurvive-iOS.app/Info-iOS.plist /Users/joshua/Documents/Code/nyc/Resources/Info-iOS.plist (in target 'NYCSurvive-iOS' from project 'NYCSurvive')
    cd /Users/joshua/Documents/Code/nyc
    builtin-copyPlist --convert binary1 --outdir /Users/joshua/Library/Developer/Xcode/DerivedData/NYCSurvive-ghjqqqvbsxaxcgcvqpdwhlawlxhh/Build/Intermediates.noindex/ArchiveIntermediates/NYCSurvive-iOS/InstallationBuildProductsLocation/Applications/NYCSurvive-iOS.app -- /Users/joshua/Documents/Code/nyc/Resources/Info-iOS.plist

MkDir /Users/joshua/Library/Developer/Xcode/DerivedData/NYCSurvive-ghjqqqvbsxaxcgcvqpdwhlawlxhh/Build/Intermediates.noindex/ArchiveIntermediates/NYCSurvive-iOS/IntermediateBuildFilesPath/NYCSurvive.build/Release-iphoneos/NYCSurvive-iOS.build/assetcatalog_output/thinned (in target 'NYCSurvive-iOS' from project 'NYCSurvive')
    cd /Users/joshua/Documents/Code/nyc
    /bin/mkdir -p /Users/joshua/Library/Developer/Xcode/DerivedData/NYCSurvive-ghjqqqvbsxaxcgcvqpdwhlawlxhh/Build/Intermediates.noindex/ArchiveIntermediates/NYCSurvive-iOS/IntermediateBuildFilesPath/NYCSurvive.build/Release-iphoneos/NYCSurvive-iOS.build/assetcatalog_output/thinned

CompileAssetCatalogVariant thinned /Users/joshua/Library/Developer/Xcode/DerivedData/NYCSurvive-ghjqqqvbsxaxcgcvqpdwhlawlxhh/Build/Intermediates.noindex/ArchiveIntermediates/NYCSurvive-iOS/InstallationBuildProductsLocation/Applications/NYCSurvive-iOS.app /Users/joshua/Documents/Code/nyc/Resources/Assets.xcassets (in target 'NYCSurvive-iOS' from project 'NYCSurvive')
    cd /Users/joshua/Documents/Code/nyc
    /Applications/Xcode.app/Contents/Developer/usr/bin/actool /Users/joshua/Documents/Code/nyc/Resources/Assets.xcassets --compile /Users/joshua/Library/Developer/Xcode/DerivedData/NYCSurvive-ghjqqqvbsxaxcgcvqpdwhlawlxhh/Build/Intermediates.noindex/ArchiveIntermediates/NYCSurvive-iOS/IntermediateBuildFilesPath/NYCSurvive.build/Release-iphoneos/NYCSurvive-iOS.build/assetcatalog_output/thinned --output-format human-readable-text --notices --warnings --export-dependency-info /Users/joshua/Library/Developer/Xcode/DerivedData/NYCSurvive-ghjqqqvbsxaxcgcvqpdwhlawlxhh/Build/Intermediates.noindex/ArchiveIntermediates/NYCSurvive-iOS/IntermediateBuildFilesPath/NYCSurvive.build/Release-iphoneos/NYCSurvive-iOS.build/assetcatalog_dependencies_thinned --output-partial-info-plist /Users/joshua/Library/Developer/Xcode/DerivedData/NYCSurvive-ghjqqqvbsxaxcgcvqpdwhlawlxhh/Build/Intermediates.noindex/ArchiveIntermediates/NYCSurvive-iOS/IntermediateBuildFilesPath/NYCSurvive.build/Release-iphoneos/NYCSurvive-iOS.build/assetcatalog_generated_info.plist_thinned --app-icon AppIcon --compress-pngs --enable-on-demand-resources YES --development-region en --target-device iphone --target-device ipad --minimum-deployment-target 17.0 --platform iphoneos
/* com.apple.actool.document.warnings */
/Users/joshua/Documents/Code/nyc/Resources/Assets.xcassets:./AppIcon.appiconset/[][ipad][20x20][][][1x][][][][]: warning: AppIcon.appiconset/icon_40.png is 40x40 but should be 20x20.
/Users/joshua/Documents/Code/nyc/Resources/Assets.xcassets:./AppIcon.appiconset/[][ipad][29x29][][][1x][][][][]: warning: AppIcon.appiconset/icon_60.png is 60x60 but should be 29x29.
/Users/joshua/Documents/Code/nyc/Resources/Assets.xcassets:./AppIcon.appiconset/[][ipad][29x29][][][2x][][][][]: warning: AppIcon.appiconset/icon_60.png is 60x60 but should be 58x58.
/Users/joshua/Documents/Code/nyc/Resources/Assets.xcassets:./AppIcon.appiconset/[][iphone][60x60][][][3x][][][][]: warning: AppIcon.appiconset/icon_1024.png is 1024x1024 but should be 180x180.
/Users/joshua/Documents/Code/nyc/Resources/Assets.xcassets:./AppIcon.appiconset/[][iphone][29x29][][][3x][][][][]: warning: AppIcon.appiconset/icon_60.png is 60x60 but should be 87x87.
/Users/joshua/Documents/Code/nyc/Resources/Assets.xcassets:./AppIcon.appiconset/[][iphone][29x29][][][2x][][][][]: warning: AppIcon.appiconset/icon_60.png is 60x60 but should be 58x58.
/Users/joshua/Documents/Code/nyc/Resources/Assets.xcassets:./AppIcon.appiconset/[][ipad][29x29][][][1x][][][][]: warning: AppIcon.appiconset/icon_60.png is 60x60 but should be 29x29.
/Users/joshua/Documents/Code/nyc/Resources/Assets.xcassets:./AppIcon.appiconset/[][ipad][20x20][][][1x][][][][]: warning: AppIcon.appiconset/icon_40.png is 40x40 but should be 20x20.
/Users/joshua/Documents/Code/nyc/Resources/Assets.xcassets:./AppIcon.appiconset/[][iphone][29x29][][][2x][][][][]: warning: AppIcon.appiconset/icon_60.png is 60x60 but should be 58x58.
/Users/joshua/Documents/Code/nyc/Resources/Assets.xcassets:./AppIcon.appiconset/[][ipad][29x29][][][2x][][][][]: warning: AppIcon.appiconset/icon_60.png is 60x60 but should be 58x58.
/Users/joshua/Documents/Code/nyc/Resources/Assets.xcassets:./AppIcon.appiconset/[][iphone][60x60][][][3x][][][][]: warning: AppIcon.appiconset/icon_1024.png is 1024x1024 but should be 180x180.
/Users/joshua/Documents/Code/nyc/Resources/Assets.xcassets:./AppIcon.appiconset/[][iphone][29x29][][][3x][][][][]: warning: AppIcon.appiconset/icon_60.png is 60x60 but should be 87x87.
/Users/joshua/Documents/Code/nyc/Resources/Assets.xcassets:./AppIcon.appiconset/[][ipad][20x20][][][1x][][][][]: warning: AppIcon.appiconset/icon_40.png is 40x40 but should be 20x20.
/Users/joshua/Documents/Code/nyc/Resources/Assets.xcassets:./AppIcon.appiconset/[][ipad][29x29][][][1x][][][][]: warning: AppIcon.appiconset/icon_60.png is 60x60 but should be 29x29.
/Users/joshua/Documents/Code/nyc/Resources/Assets.xcassets:./AppIcon.appiconset/[][ipad][29x29][][][2x][][][][]: warning: AppIcon.appiconset/icon_60.png is 60x60 but should be 58x58.
/Users/joshua/Documents/Code/nyc/Resources/Assets.xcassets:./AppIcon.appiconset/[][iphone][60x60][][][3x][][][][]: warning: AppIcon.appiconset/icon_1024.png is 1024x1024 but should be 180x180.
/Users/joshua/Documents/Code/nyc/Resources/Assets.xcassets:./AppIcon.appiconset/[][iphone][29x29][][][3x][][][][]: warning: AppIcon.appiconset/icon_60.png is 60x60 but should be 87x87.
/Users/joshua/Documents/Code/nyc/Resources/Assets.xcassets:./AppIcon.appiconset/[][iphone][29x29][][][2x][][][][]: warning: AppIcon.appiconset/icon_60.png is 60x60 but should be 58x58.
/* com.apple.actool.document.notices */
/Users/joshua/Documents/Code/nyc/Resources/Assets.xcassets:./AppIcon.appiconset/[][ipad][76x76][][][1x][][][][]: notice: 76x76@1x app icons only apply to iPad apps targeting releases of iOS prior to 10.0.
/* com.apple.actool.compilation-results */
/Users/joshua/Library/Developer/Xcode/DerivedData/NYCSurvive-ghjqqqvbsxaxcgcvqpdwhlawlxhh/Build/Intermediates.noindex/ArchiveIntermediates/NYCSurvive-iOS/IntermediateBuildFilesPath/NYCSurvive.build/Release-iphoneos/NYCSurvive-iOS.build/assetcatalog_generated_info.plist_thinned
/Users/joshua/Library/Developer/Xcode/DerivedData/NYCSurvive-ghjqqqvbsxaxcgcvqpdwhlawlxhh/Build/Intermediates.noindex/ArchiveIntermediates/NYCSurvive-iOS/IntermediateBuildFilesPath/NYCSurvive.build/Release-iphoneos/NYCSurvive-iOS.build/assetcatalog_output/thinned/AppIcon60x60@2x.png
/Users/joshua/Library/Developer/Xcode/DerivedData/NYCSurvive-ghjqqqvbsxaxcgcvqpdwhlawlxhh/Build/Intermediates.noindex/ArchiveIntermediates/NYCSurvive-iOS/IntermediateBuildFilesPath/NYCSurvive.build/Release-iphoneos/NYCSurvive-iOS.build/assetcatalog_output/thinned/AppIcon76x76@2x~ipad.png
/Users/joshua/Library/Developer/Xcode/DerivedData/NYCSurvive-ghjqqqvbsxaxcgcvqpdwhlawlxhh/Build/Intermediates.noindex/ArchiveIntermediates/NYCSurvive-iOS/IntermediateBuildFilesPath/NYCSurvive.build/Release-iphoneos/NYCSurvive-iOS.build/assetcatalog_output/thinned/Assets.car


SwiftDriver NYCSurvive-iOS normal arm64 com.apple.xcode.tools.swift.compiler (in target 'NYCSurvive-iOS' from project 'NYCSurvive')
    cd /Users/joshua/Documents/Code/nyc
    builtin-SwiftDriver -- /Applications/Xcode.app/Contents/Developer/Toolchains/XcodeDefault.xctoolchain/usr/bin/swiftc -module-name NYCSurvive_iOS -O -whole-module-optimization @/Users/joshua/Library/Developer/Xcode/DerivedData/NYCSurvive-ghjqqqvbsxaxcgcvqpdwhlawlxhh/Build/Intermediates.noindex/ArchiveIntermediates/NYCSurvive-iOS/IntermediateBuildFilesPath/NYCSurvive.build/Release-iphoneos/NYCSurvive-iOS.build/Objects-normal/arm64/NYCSurvive-iOS.SwiftFileList -enable-experimental-feature DebugDescriptionMacro -sdk /Applications/Xcode.app/Contents/Developer/Platforms/iPhoneOS.platform/Developer/SDKs/iPhoneOS27.0.sdk -target arm64-apple-ios17.0 -g -module-cache-path /Users/joshua/Library/Developer/Xcode/DerivedData/ModuleCache.noindex -Xfrontend -serialize-debugging-options -swift-version 6 -I /Users/joshua/Library/Developer/Xcode/DerivedData/NYCSurvive-ghjqqqvbsxaxcgcvqpdwhlawlxhh/Build/Intermediates.noindex/ArchiveIntermediates/NYCSurvive-iOS/BuildProductsPath/Release-iphoneos -F /Users/joshua/Library/Developer/Xcode/DerivedData/NYCSurvive-ghjqqqvbsxaxcgcvqpdwhlawlxhh/Build/Intermediates.noindex/ArchiveIntermediates/NYCSurvive-iOS/BuildProductsPath/Release-iphoneos -c -num-threads 10 -Xcc -ivfsstatcache -Xcc /Users/joshua/Library/Developer/Xcode/DerivedData/SDKStatCaches.noindex/iphoneos27.0-24A430-e829b21a6f8c9b70876ba0858053c0446c78b3cbc238196c85e1bf6c792c5915.sdkstatcache -output-file-map /Users/joshua/Library/Developer/Xcode/DerivedData/NYCSurvive-ghjqqqvbsxaxcgcvqpdwhlawlxhh/Build/Intermediates.noindex/ArchiveIntermediates/NYCSurvive-iOS/IntermediateBuildFilesPath/NYCSurvive.build/Release-iphoneos/NYCSurvive-iOS.build/Objects-normal/arm64/NYCSurvive-iOS-OutputFileMap.json -save-temps -no-color-diagnostics -explicit-module-build -module-cache-path /Users/joshua/Library/Developer/Xcode/DerivedData/NYCSurvive-ghjqqqvbsxaxcgcvqpdwhlawlxhh/Build/Intermediates.noindex/ArchiveIntermediates/NYCSurvive-iOS/IntermediateBuildFilesPath/SwiftExplicitPrecompiledModules -clang-scanner-module-cache-path /Users/joshua/Library/Developer/Xcode/DerivedData/ModuleCache.noindex -sdk-module-cache-path /Users/joshua/Library/Developer/Xcode/DerivedData/SDKExplicitPrecompiledModules -emit-dependencies -emit-module -emit-module-path /Users/joshua/Library/Developer/Xcode/DerivedData/NYCSurvive-ghjqqqvbsxaxcgcvqpdwhlawlxhh/Build/Intermediates.noindex/ArchiveIntermediates/NYCSurvive-iOS/IntermediateBuildFilesPath/NYCSurvive.build/Release-iphoneos/NYCSurvive-iOS.build/Objects-normal/arm64/NYCSurvive_iOS.swiftmodule -serialize-diagnostics -dependency-scan-serialize-diagnostics-path /Users/joshua/Library/Developer/Xcode/DerivedData/NYCSurvive-ghjqqqvbsxaxcgcvqpdwhlawlxhh/Build/Intermediates.noindex/ArchiveIntermediates/NYCSurvive-iOS/IntermediateBuildFilesPath/NYCSurvive.build/Release-iphoneos/NYCSurvive-iOS.build/Objects-normal/arm64/NYCSurvive_iOS-dependency-scan.dia -validate-clang-modules-once -clang-build-session-file /Users/joshua/Library/Developer/Xcode/DerivedData/ModuleCache.noindex/Session.modulevalidation -Xcc -fmodules-prune-interval\=86400 -Xcc -fmodules-prune-after\=345600 -emit-const-values -const-gather-protocols-list /Users/joshua/Library/Developer/Xcode/DerivedData/NYCSurvive-ghjqqqvbsxaxcgcvqpdwhlawlxhh/Build/Intermediates.noindex/ArchiveIntermediates/NYCSurvive-iOS/IntermediateBuildFilesPath/NYCSurvive.build/Release-iphoneos/NYCSurvive-iOS.build/Objects-normal/arm64/NYCSurvive-iOS_const_extract_protocols.json -Xcc -iquote -Xcc /Users/joshua/Library/Developer/Xcode/DerivedData/NYCSurvive-ghjqqqvbsxaxcgcvqpdwhlawlxhh/Build/Intermediates.noindex/ArchiveIntermediates/NYCSurvive-iOS/IntermediateBuildFilesPath/NYCSurvive.build/Release-iphoneos/NYCSurvive-iOS.build/NYCSurvive-iOS-generated-files.hmap -Xcc -I/Users/joshua/Library/Developer/Xcode/DerivedData/NYCSurvive-ghjqqqvbsxaxcgcvqpdwhlawlxhh/Build/Intermediates.noindex/ArchiveIntermediates/NYCSurvive-iOS/IntermediateBuildFilesPath/NYCSurvive.build/Release-iphoneos/NYCSurvive-iOS.build/NYCSurvive-iOS-own-target-headers.hmap -Xcc -I/Users/joshua/Library/Developer/Xcode/DerivedData/NYCSurvive-ghjqqqvbsxaxcgcvqpdwhlawlxhh/Build/Intermediates.noindex/ArchiveIntermediates/NYCSurvive-iOS/IntermediateBuildFilesPath/NYCSurvive.build/Release-iphoneos/NYCSurvive-iOS.build/NYCSurvive-iOS-all-target-headers.hmap -Xcc -iquote -Xcc /Users/joshua/Library/Developer/Xcode/DerivedData/NYCSurvive-ghjqqqvbsxaxcgcvqpdwhlawlxhh/Build/Intermediates.noindex/ArchiveIntermediates/NYCSurvive-iOS/IntermediateBuildFilesPath/NYCSurvive.build/Release-iphoneos/NYCSurvive-iOS.build/NYCSurvive-iOS-project-headers.hmap -Xcc -I/Users/joshua/Library/Developer/Xcode/DerivedData/NYCSurvive-ghjqqqvbsxaxcgcvqpdwhlawlxhh/Build/Intermediates.noindex/ArchiveIntermediates/NYCSurvive-iOS/BuildProductsPath/Release-iphoneos/include -Xcc -I/Users/joshua/Library/Developer/Xcode/DerivedData/NYCSurvive-ghjqqqvbsxaxcgcvqpdwhlawlxhh/Build/Intermediates.noindex/ArchiveIntermediates/NYCSurvive-iOS/IntermediateBuildFilesPath/NYCSurvive.build/Release-iphoneos/NYCSurvive-iOS.build/DerivedSources-normal/arm64 -Xcc -I/Users/joshua/Library/Developer/Xcode/DerivedData/NYCSurvive-ghjqqqvbsxaxcgcvqpdwhlawlxhh/Build/Intermediates.noindex/ArchiveIntermediates/NYCSurvive-iOS/IntermediateBuildFilesPath/NYCSurvive.build/Release-iphoneos/NYCSurvive-iOS.build/DerivedSources/arm64 -Xcc -I/Users/joshua/Library/Developer/Xcode/DerivedData/NYCSurvive-ghjqqqvbsxaxcgcvqpdwhlawlxhh/Build/Intermediates.noindex/ArchiveIntermediates/NYCSurvive-iOS/IntermediateBuildFilesPath/NYCSurvive.build/Release-iphoneos/NYCSurvive-iOS.build/DerivedSources -emit-objc-header -emit-objc-header-path /Users/joshua/Library/Developer/Xcode/DerivedData/NYCSurvive-ghjqqqvbsxaxcgcvqpdwhlawlxhh/Build/Intermediates.noindex/ArchiveIntermediates/NYCSurvive-iOS/IntermediateBuildFilesPath/NYCSurvive.build/Release-iphoneos/NYCSurvive-iOS.build/Objects-normal/arm64/NYCSurvive_iOS-Swift.h -working-directory /Users/joshua/Documents/Code/nyc -no-emit-module-separately-wmo

SwiftDriver\ Compilation NYCSurvive-iOS normal arm64 com.apple.xcode.tools.swift.compiler (in target 'NYCSurvive-iOS' from project 'NYCSurvive')
    cd /Users/joshua/Documents/Code/nyc
    builtin-Swift-Compilation -- /Applications/Xcode.app/Contents/Developer/Toolchains/XcodeDefault.xctoolchain/usr/bin/swiftc -module-name NYCSurvive_iOS -O -whole-module-optimization @/Users/joshua/Library/Developer/Xcode/DerivedData/NYCSurvive-ghjqqqvbsxaxcgcvqpdwhlawlxhh/Build/Intermediates.noindex/ArchiveIntermediates/NYCSurvive-iOS/IntermediateBuildFilesPath/NYCSurvive.build/Release-iphoneos/NYCSurvive-iOS.build/Objects-normal/arm64/NYCSurvive-iOS.SwiftFileList -enable-experimental-feature DebugDescriptionMacro -sdk /Applications/Xcode.app/Contents/Developer/Platforms/iPhoneOS.platform/Developer/SDKs/iPhoneOS27.0.sdk -target arm64-apple-ios17.0 -g -module-cache-path /Users/joshua/Library/Developer/Xcode/DerivedData/ModuleCache.noindex -Xfrontend -serialize-debugging-options -swift-version 6 -I /Users/joshua/Library/Developer/Xcode/DerivedData/NYCSurvive-ghjqqqvbsxaxcgcvqpdwhlawlxhh/Build/Intermediates.noindex/ArchiveIntermediates/NYCSurvive-iOS/BuildProductsPath/Release-iphoneos -F /Users/joshua/Library/Developer/Xcode/DerivedData/NYCSurvive-ghjqqqvbsxaxcgcvqpdwhlawlxhh/Build/Intermediates.noindex/ArchiveIntermediates/NYCSurvive-iOS/BuildProductsPath/Release-iphoneos -c -num-threads 10 -Xcc -ivfsstatcache -Xcc /Users/joshua/Library/Developer/Xcode/DerivedData/SDKStatCaches.noindex/iphoneos27.0-24A430-e829b21a6f8c9b70876ba0858053c0446c78b3cbc238196c85e1bf6c792c5915.sdkstatcache -output-file-map /Users/joshua/Library/Developer/Xcode/DerivedData/NYCSurvive-ghjqqqvbsxaxcgcvqpdwhlawlxhh/Build/Intermediates.noindex/ArchiveIntermediates/NYCSurvive-iOS/IntermediateBuildFilesPath/NYCSurvive.build/Release-iphoneos/NYCSurvive-iOS.build/Objects-normal/arm64/NYCSurvive-iOS-OutputFileMap.json -save-temps -no-color-diagnostics -explicit-module-build -module-cache-path /Users/joshua/Library/Developer/Xcode/DerivedData/NYCSurvive-ghjqqqvbsxaxcgcvqpdwhlawlxhh/Build/Intermediates.noindex/ArchiveIntermediates/NYCSurvive-iOS/IntermediateBuildFilesPath/SwiftExplicitPrecompiledModules -clang-scanner-module-cache-path /Users/joshua/Library/Developer/Xcode/DerivedData/ModuleCache.noindex -sdk-module-cache-path /Users/joshua/Library/Developer/Xcode/DerivedData/SDKExplicitPrecompiledModules -emit-dependencies -emit-module -emit-module-path /Users/joshua/Library/Developer/Xcode/DerivedData/NYCSurvive-ghjqqqvbsxaxcgcvqpdwhlawlxhh/Build/Intermediates.noindex/ArchiveIntermediates/NYCSurvive-iOS/IntermediateBuildFilesPath/NYCSurvive.build/Release-iphoneos/NYCSurvive-iOS.build/Objects-normal/arm64/NYCSurvive_iOS.swiftmodule -serialize-diagnostics -dependency-scan-serialize-diagnostics-path /Users/joshua/Library/Developer/Xcode/DerivedData/NYCSurvive-ghjqqqvbsxaxcgcvqpdwhlawlxhh/Build/Intermediates.noindex/ArchiveIntermediates/NYCSurvive-iOS/IntermediateBuildFilesPath/NYCSurvive.build/Release-iphoneos/NYCSurvive-iOS.build/Objects-normal/arm64/NYCSurvive_iOS-dependency-scan.dia -validate-clang-modules-once -clang-build-session-file /Users/joshua/Library/Developer/Xcode/DerivedData/ModuleCache.noindex/Session.modulevalidation -Xcc -fmodules-prune-interval\=86400 -Xcc -fmodules-prune-after\=345600 -emit-const-values -const-gather-protocols-list /Users/joshua/Library/Developer/Xcode/DerivedData/NYCSurvive-ghjqqqvbsxaxcgcvqpdwhlawlxhh/Build/Intermediates.noindex/ArchiveIntermediates/NYCSurvive-iOS/IntermediateBuildFilesPath/NYCSurvive.build/Release-iphoneos/NYCSurvive-iOS.build/Objects-normal/arm64/NYCSurvive-iOS_const_extract_protocols.json -Xcc -iquote -Xcc /Users/joshua/Library/Developer/Xcode/DerivedData/NYCSurvive-ghjqqqvbsxaxcgcvqpdwhlawlxhh/Build/Intermediates.noindex/ArchiveIntermediates/NYCSurvive-iOS/IntermediateBuildFilesPath/NYCSurvive.build/Release-iphoneos/NYCSurvive-iOS.build/NYCSurvive-iOS-generated-files.hmap -Xcc -I/Users/joshua/Library/Developer/Xcode/DerivedData/NYCSurvive-ghjqqqvbsxaxcgcvqpdwhlawlxhh/Build/Intermediates.noindex/ArchiveIntermediates/NYCSurvive-iOS/IntermediateBuildFilesPath/NYCSurvive.build/Release-iphoneos/NYCSurvive-iOS.build/NYCSurvive-iOS-own-target-headers.hmap -Xcc -I/Users/joshua/Library/Developer/Xcode/DerivedData/NYCSurvive-ghjqqqvbsxaxcgcvqpdwhlawlxhh/Build/Intermediates.noindex/ArchiveIntermediates/NYCSurvive-iOS/IntermediateBuildFilesPath/NYCSurvive.build/Release-iphoneos/NYCSurvive-iOS.build/NYCSurvive-iOS-all-target-headers.hmap -Xcc -iquote -Xcc /Users/joshua/Library/Developer/Xcode/DerivedData/NYCSurvive-ghjqqqvbsxaxcgcvqpdwhlawlxhh/Build/Intermediates.noindex/ArchiveIntermediates/NYCSurvive-iOS/IntermediateBuildFilesPath/NYCSurvive.build/Release-iphoneos/NYCSurvive-iOS.build/NYCSurvive-iOS-project-headers.hmap -Xcc -I/Users/joshua/Library/Developer/Xcode/DerivedData/NYCSurvive-ghjqqqvbsxaxcgcvqpdwhlawlxhh/Build/Intermediates.noindex/ArchiveIntermediates/NYCSurvive-iOS/BuildProductsPath/Release-iphoneos/include -Xcc -I/Users/joshua/Library/Developer/Xcode/DerivedData/NYCSurvive-ghjqqqvbsxaxcgcvqpdwhlawlxhh/Build/Intermediates.noindex/ArchiveIntermediates/NYCSurvive-iOS/IntermediateBuildFilesPath/NYCSurvive.build/Release-iphoneos/NYCSurvive-iOS.build/DerivedSources-normal/arm64 -Xcc -I/Users/joshua/Library/Developer/Xcode/DerivedData/NYCSurvive-ghjqqqvbsxaxcgcvqpdwhlawlxhh/Build/Intermediates.noindex/ArchiveIntermediates/NYCSurvive-iOS/IntermediateBuildFilesPath/NYCSurvive.build/Release-iphoneos/NYCSurvive-iOS.build/DerivedSources/arm64 -Xcc -I/Users/joshua/Library/Developer/Xcode/DerivedData/NYCSurvive-ghjqqqvbsxaxcgcvqpdwhlawlxhh/Build/Intermediates.noindex/ArchiveIntermediates/NYCSurvive-iOS/IntermediateBuildFilesPath/NYCSurvive.build/Release-iphoneos/NYCSurvive-iOS.build/DerivedSources -emit-objc-header -emit-objc-header-path /Users/joshua/Library/Developer/Xcode/DerivedData/NYCSurvive-ghjqqqvbsxaxcgcvqpdwhlawlxhh/Build/Intermediates.noindex/ArchiveIntermediates/NYCSurvive-iOS/IntermediateBuildFilesPath/NYCSurvive.build/Release-iphoneos/NYCSurvive-iOS.build/Objects-normal/arm64/NYCSurvive_iOS-Swift.h -working-directory /Users/joshua/Documents/Code/nyc -no-emit-module-separately-wmo

SwiftExplicitDependencyGeneratePcm arm64 /Users/joshua/Library/Developer/Xcode/DerivedData/SDKExplicitPrecompiledModules/_Builtin_stdarg-1R35X1Z1HROX5VX8IBZI3GIHO.pcm

SwiftExplicitDependencyGeneratePcm arm64 /Users/joshua/Library/Developer/Xcode/DerivedData/SDKExplicitPrecompiledModules/_Builtin_stddef-E847RVMBQB1XPJY3ULYYPAMG.pcm

SwiftExplicitDependencyGeneratePcm arm64 /Users/joshua/Library/Developer/Xcode/DerivedData/SDKExplicitPrecompiledModules/_AvailabilityInternal-2XKSHRGK4N37TAXNQA3XHHNP7.pcm

SwiftExplicitDependencyGeneratePcm arm64 /Users/joshua/Library/Developer/Xcode/DerivedData/SDKExplicitPrecompiledModules/ptrauth-IRZVCZ258Q0EZ2ETPR84TQ21.pcm

SwiftExplicitDependencyGeneratePcm arm64 /Users/joshua/Library/Developer/Xcode/DerivedData/SDKExplicitPrecompiledModules/DeveloperToolsSupport-AREUESVKWXUU9T6EJM7S6Q5BV.pcm

SwiftExplicitDependencyGeneratePcm arm64 /Users/joshua/Library/Developer/Xcode/DerivedData/SDKExplicitPrecompiledModules/_SwiftConcurrencyShims-EWYIKD34802CO24OKWHREG1U2.pcm

SwiftExplicitDependencyGeneratePcm arm64 /Users/joshua/Library/Developer/Xcode/DerivedData/SDKExplicitPrecompiledModules/SwiftShims-3CAC10E8NXF3G7KHUBBLK5WUK.pcm

SwiftExplicitDependencyGeneratePcm arm64 /Users/joshua/Library/Developer/Xcode/DerivedData/SDKExplicitPrecompiledModules/_Builtin_stdbool-7GJKGJLJELFXRVE7E4BQAAJI1.pcm

SwiftExplicitDependencyGeneratePcm arm64 /Users/joshua/Library/Developer/Xcode/DerivedData/SDKExplicitPrecompiledModules/ptrcheck-84PXBV50HWLKNBPKT68J9SBEH.pcm

SwiftExplicitDependencyGeneratePcm arm64 /Users/joshua/Library/Developer/Xcode/DerivedData/SDKExplicitPrecompiledModules/_Builtin_float-AOUXG07BD55XQUO2KP33AKAI4.pcm

SwiftExplicitDependencyGeneratePcm arm64 /Users/joshua/Library/Developer/Xcode/DerivedData/SDKExplicitPrecompiledModules/_DarwinFoundation1-AJR7SAMSY9V239VNFV02KDHH0.pcm

SwiftExplicitDependencyGeneratePcm arm64 /Users/joshua/Library/Developer/Xcode/DerivedData/SDKExplicitPrecompiledModules/_DarwinFoundation2-52HEJHH5988KMA1K4KCIWZZCZ.pcm

SwiftExplicitDependencyGeneratePcm arm64 /Users/joshua/Library/Developer/Xcode/DerivedData/SDKExplicitPrecompiledModules/_Builtin_limits-1C7QZ8MY58VQGVAPGD33KXWQB.pcm

SwiftExplicitDependencyGeneratePcm arm64 /Users/joshua/Library/Developer/Xcode/DerivedData/SDKExplicitPrecompiledModules/sys_types-Y2DVFF9ZRG6NF48JFOCAVDT5.pcm

SwiftExplicitDependencyGeneratePcm arm64 /Users/joshua/Library/Developer/Xcode/DerivedData/SDKExplicitPrecompiledModules/_Builtin_tgmath-3M3E56VXNXVH2X02P3315J1KO.pcm

SwiftExplicitDependencyGeneratePcm arm64 /Users/joshua/Library/Developer/Xcode/DerivedData/SDKExplicitPrecompiledModules/_Builtin_stdint-8XE2W6EOE1XZGLXOF7V050XFR.pcm

SwiftExplicitDependencyGeneratePcm arm64 /Users/joshua/Library/Developer/Xcode/DerivedData/SDKExplicitPrecompiledModules/string_h-DEN410DHHO8TYTWDEQ1G9W2VR.pcm

SwiftExplicitDependencyGeneratePcm arm64 /Users/joshua/Library/Developer/Xcode/DerivedData/SDKExplicitPrecompiledModules/_Builtin_stdatomic-AXI8JZ44P7UL3J2X7G48W8Z6G.pcm

SwiftExplicitDependencyGeneratePcm arm64 /Users/joshua/Library/Developer/Xcode/DerivedData/SDKExplicitPrecompiledModules/_Builtin_intrinsics-4KGBWOTTSSKODVAJ9WNZXWZWB.pcm

SwiftExplicitDependencyGeneratePcm arm64 /Users/joshua/Library/Developer/Xcode/DerivedData/SDKExplicitPrecompiledModules/_DarwinFoundation3-3KPIG3XMU3MD5Q233HKTGTI9P.pcm

SwiftExplicitDependencyGeneratePcm arm64 /Users/joshua/Library/Developer/Xcode/DerivedData/SDKExplicitPrecompiledModules/_Builtin_inttypes-EVYY7EMPCNW0CQRJLBOK63V2H.pcm

SwiftExplicitDependencyGeneratePcm arm64 /Users/joshua/Library/Developer/Xcode/DerivedData/SDKExplicitPrecompiledModules/Darwin-CCSUJK25RH1Z4MX8KZI260N71.pcm

SwiftExplicitDependencyGeneratePcm arm64 /Users/joshua/Library/Developer/Xcode/DerivedData/SDKExplicitPrecompiledModules/simd-9C15NKSGPFV2DA3PK09YMH6G.pcm

LinkAssetCatalog /Users/joshua/Documents/Code/nyc/Resources/Assets.xcassets (in target 'NYCSurvive-iOS' from project 'NYCSurvive')
    cd /Users/joshua/Documents/Code/nyc
    builtin-linkAssetCatalog --thinned /Users/joshua/Library/Developer/Xcode/DerivedData/NYCSurvive-ghjqqqvbsxaxcgcvqpdwhlawlxhh/Build/Intermediates.noindex/ArchiveIntermediates/NYCSurvive-iOS/IntermediateBuildFilesPath/NYCSurvive.build/Release-iphoneos/NYCSurvive-iOS.build/assetcatalog_output/thinned --thinned-dependencies /Users/joshua/Library/Developer/Xcode/DerivedData/NYCSurvive-ghjqqqvbsxaxcgcvqpdwhlawlxhh/Build/Intermediates.noindex/ArchiveIntermediates/NYCSurvive-iOS/IntermediateBuildFilesPath/NYCSurvive.build/Release-iphoneos/NYCSurvive-iOS.build/assetcatalog_dependencies_thinned --thinned-info-plist-content /Users/joshua/Library/Developer/Xcode/DerivedData/NYCSurvive-ghjqqqvbsxaxcgcvqpdwhlawlxhh/Build/Intermediates.noindex/ArchiveIntermediates/NYCSurvive-iOS/IntermediateBuildFilesPath/NYCSurvive.build/Release-iphoneos/NYCSurvive-iOS.build/assetcatalog_generated_info.plist_thinned --unthinned /Users/joshua/Library/Developer/Xcode/DerivedData/NYCSurvive-ghjqqqvbsxaxcgcvqpdwhlawlxhh/Build/Intermediates.noindex/ArchiveIntermediates/NYCSurvive-iOS/IntermediateBuildFilesPath/NYCSurvive.build/Release-iphoneos/NYCSurvive-iOS.build/assetcatalog_output/unthinned --unthinned-dependencies /Users/joshua/Library/Developer/Xcode/DerivedData/NYCSurvive-ghjqqqvbsxaxcgcvqpdwhlawlxhh/Build/Intermediates.noindex/ArchiveIntermediates/NYCSurvive-iOS/IntermediateBuildFilesPath/NYCSurvive.build/Release-iphoneos/NYCSurvive-iOS.build/assetcatalog_dependencies_unthinned --unthinned-info-plist-content /Users/joshua/Library/Developer/Xcode/DerivedData/NYCSurvive-ghjqqqvbsxaxcgcvqpdwhlawlxhh/Build/Intermediates.noindex/ArchiveIntermediates/NYCSurvive-iOS/IntermediateBuildFilesPath/NYCSurvive.build/Release-iphoneos/NYCSurvive-iOS.build/assetcatalog_generated_info.plist_unthinned --output /Users/joshua/Library/Developer/Xcode/DerivedData/NYCSurvive-ghjqqqvbsxaxcgcvqpdwhlawlxhh/Build/Intermediates.noindex/ArchiveIntermediates/NYCSurvive-iOS/InstallationBuildProductsLocation/Applications/NYCSurvive-iOS.app --plist-output /Users/joshua/Library/Developer/Xcode/DerivedData/NYCSurvive-ghjqqqvbsxaxcgcvqpdwhlawlxhh/Build/Intermediates.noindex/ArchiveIntermediates/NYCSurvive-iOS/IntermediateBuildFilesPath/NYCSurvive.build/Release-iphoneos/NYCSurvive-iOS.build/assetcatalog_generated_info.plist
note: Emplaced /Users/joshua/Library/Developer/Xcode/DerivedData/NYCSurvive-ghjqqqvbsxaxcgcvqpdwhlawlxhh/Build/Intermediates.noindex/ArchiveIntermediates/NYCSurvive-iOS/InstallationBuildProductsLocation/Applications/NYCSurvive-iOS.app/AppIcon60x60@2x.png (in target 'NYCSurvive-iOS' from project 'NYCSurvive')
note: Emplaced /Users/joshua/Library/Developer/Xcode/DerivedData/NYCSurvive-ghjqqqvbsxaxcgcvqpdwhlawlxhh/Build/Intermediates.noindex/ArchiveIntermediates/NYCSurvive-iOS/InstallationBuildProductsLocation/Applications/NYCSurvive-iOS.app/AppIcon76x76@2x~ipad.png (in target 'NYCSurvive-iOS' from project 'NYCSurvive')
note: Emplaced /Users/joshua/Library/Developer/Xcode/DerivedData/NYCSurvive-ghjqqqvbsxaxcgcvqpdwhlawlxhh/Build/Intermediates.noindex/ArchiveIntermediates/NYCSurvive-iOS/InstallationBuildProductsLocation/Applications/NYCSurvive-iOS.app/Assets.car (in target 'NYCSurvive-iOS' from project 'NYCSurvive')

ProcessInfoPlistFile /Users/joshua/Library/Developer/Xcode/DerivedData/NYCSurvive-ghjqqqvbsxaxcgcvqpdwhlawlxhh/Build/Intermediates.noindex/ArchiveIntermediates/NYCSurvive-iOS/InstallationBuildProductsLocation/Applications/NYCSurvive-iOS.app/Info.plist /Users/joshua/Documents/Code/nyc/Resources/Info-iOS.plist (in target 'NYCSurvive-iOS' from project 'NYCSurvive')
    cd /Users/joshua/Documents/Code/nyc
    builtin-infoPlistUtility /Users/joshua/Documents/Code/nyc/Resources/Info-iOS.plist -producttype com.apple.product-type.application -genpkginfo /Users/joshua/Library/Developer/Xcode/DerivedData/NYCSurvive-ghjqqqvbsxaxcgcvqpdwhlawlxhh/Build/Intermediates.noindex/ArchiveIntermediates/NYCSurvive-iOS/InstallationBuildProductsLocation/Applications/NYCSurvive-iOS.app/PkgInfo -expandbuildsettings -format binary -platform iphoneos -additionalcontentfile /Users/joshua/Library/Developer/Xcode/DerivedData/NYCSurvive-ghjqqqvbsxaxcgcvqpdwhlawlxhh/Build/Intermediates.noindex/ArchiveIntermediates/NYCSurvive-iOS/IntermediateBuildFilesPath/NYCSurvive.build/Release-iphoneos/NYCSurvive-iOS.build/assetcatalog_generated_info.plist -requiredArchitecture arm64 -o /Users/joshua/Library/Developer/Xcode/DerivedData/NYCSurvive-ghjqqqvbsxaxcgcvqpdwhlawlxhh/Build/Intermediates.noindex/ArchiveIntermediates/NYCSurvive-iOS/InstallationBuildProductsLocation/Applications/NYCSurvive-iOS.app/Info.plist

SwiftExplicitDependencyGeneratePcm arm64 /Users/joshua/Library/Developer/Xcode/DerivedData/SDKExplicitPrecompiledModules/MachO-8ETR6MA4ZDRTNZ6HKPMTKBKLO.pcm

SwiftExplicitDependencyGeneratePcm arm64 /Users/joshua/Library/Developer/Xcode/DerivedData/SDKExplicitPrecompiledModules/ObjectiveC-56YZZFXNHDX8IFOG1HUA7DOKA.pcm

SwiftExplicitDependencyGeneratePcm arm64 /Users/joshua/Library/Developer/Xcode/DerivedData/SDKExplicitPrecompiledModules/os_object-ES6MLRRJYNCKA71GGPVY2D0HX.pcm

SwiftExplicitDependencyGeneratePcm arm64 /Users/joshua/Library/Developer/Xcode/DerivedData/SDKExplicitPrecompiledModules/os_workgroup-4HLP4PT93KADA1OA1A0GRG3MQ.pcm

SwiftExplicitDependencyGeneratePcm arm64 /Users/joshua/Library/Developer/Xcode/DerivedData/SDKExplicitPrecompiledModules/Spatial-5HJ1N9621BGSQ5TZCGMO6X9NV.pcm

SwiftExplicitDependencyGeneratePcm arm64 /Users/joshua/Library/Developer/Xcode/DerivedData/SDKExplicitPrecompiledModules/Dispatch-8HT5O9NOL9AC5HD5NWH9HPZMT.pcm

SwiftExplicitDependencyGeneratePcm arm64 /Users/joshua/Library/Developer/Xcode/DerivedData/SDKExplicitPrecompiledModules/XPC-8FYKUODCN1P47THP35J443BT9.pcm

SwiftExplicitDependencyGeneratePcm arm64 /Users/joshua/Library/Developer/Xcode/DerivedData/SDKExplicitPrecompiledModules/dnssd-7KQR69KHJ87VJZY7RGLC1NX15.pcm

SwiftExplicitDependencyGeneratePcm arm64 /Users/joshua/Library/Developer/Xcode/DerivedData/SDKExplicitPrecompiledModules/CoreFoundation-7T0C61PI0CRR7KQV2MRVSSKWK.pcm

SwiftExplicitDependencyGeneratePcm arm64 /Users/joshua/Library/Developer/Xcode/DerivedData/SDKExplicitPrecompiledModules/os-2T4ME2PGTR4YAV91L8ZFJW8G.pcm

SwiftExplicitDependencyGeneratePcm arm64 /Users/joshua/Library/Developer/Xcode/DerivedData/SDKExplicitPrecompiledModules/CFNetwork-9VGMATGRU6IVWCWVV1Q3CE26D.pcm

SwiftExplicitDependencyGeneratePcm arm64 /Users/joshua/Library/Developer/Xcode/DerivedData/SDKExplicitPrecompiledModules/CoreAudioTypes-65G2JJPH8XOFKT5XSLNSX8NO4.pcm

SwiftExplicitDependencyGeneratePcm arm64 /Users/joshua/Library/Developer/Xcode/DerivedData/SDKExplicitPrecompiledModules/Security-5Q2SQJF72MYEJI43FWCGUB0LW.pcm

SwiftExplicitDependencyGeneratePcm arm64 /Users/joshua/Library/Developer/Xcode/DerivedData/SDKExplicitPrecompiledModules/CoreGraphics-5QBGOV611KGFCBGM0QOSDJ6UR.pcm

SwiftExplicitDependencyGeneratePcm arm64 /Users/joshua/Library/Developer/Xcode/DerivedData/SDKExplicitPrecompiledModules/CoreAudio-4BIKI2ZN408PPKS1KQ9ABCWKS.pcm

SwiftExplicitDependencyGeneratePcm arm64 /Users/joshua/Library/Developer/Xcode/DerivedData/SDKExplicitPrecompiledModules/Foundation-AIFRJ9OI6VII977R7XBZFUAXP.pcm

SwiftExplicitDependencyGeneratePcm arm64 /Users/joshua/Library/Developer/Xcode/DerivedData/SDKExplicitPrecompiledModules/CoreText-4S21SSAS92A5GQEYX9UEZ41BB.pcm

SwiftExplicitDependencyGeneratePcm arm64 /Users/joshua/Library/Developer/Xcode/DerivedData/SDKExplicitPrecompiledModules/ImageIO-8DHVG44YQJ3D308CE4T5B40CC.pcm

SwiftExplicitDependencyGeneratePcm arm64 /Users/joshua/Library/Developer/Xcode/DerivedData/SDKExplicitPrecompiledModules/_LocationEssentials-6HCL0LMNBR1NHYPDLQS07MVAT.pcm

SwiftExplicitDependencyGeneratePcm arm64 /Users/joshua/Library/Developer/Xcode/DerivedData/SDKExplicitPrecompiledModules/DataDetection-5Y0U5V6EY846XM13KZ00DQ7PH.pcm

SwiftExplicitDependencyGeneratePcm arm64 /Users/joshua/Library/Developer/Xcode/DerivedData/SDKExplicitPrecompiledModules/UserNotifications-61RGKCS6AHNH1RS0XSO0ZG7N5.pcm

SwiftExplicitDependencyGeneratePcm arm64 /Users/joshua/Library/Developer/Xcode/DerivedData/SDKExplicitPrecompiledModules/CoreMIDI-98OKDIV8GBF6W3613GUB28AIT.pcm

SwiftExplicitDependencyGeneratePcm arm64 /Users/joshua/Library/Developer/Xcode/DerivedData/SDKExplicitPrecompiledModules/CoreTransferable-9TT0L0CLSJCFN4V1D8R6JSXQ9.pcm

SwiftExplicitDependencyGeneratePcm arm64 /Users/joshua/Library/Developer/Xcode/DerivedData/SDKExplicitPrecompiledModules/ModelIO-EGQHVDY2TUMZLR8E27UEP0RX2.pcm

SwiftExplicitDependencyGeneratePcm arm64 /Users/joshua/Library/Developer/Xcode/DerivedData/SDKExplicitPrecompiledModules/Symbols-9UTMVWCQRMUCOCS8JVQMN9DRZ.pcm

SwiftExplicitDependencyGeneratePcm arm64 /Users/joshua/Library/Developer/Xcode/DerivedData/SDKExplicitPrecompiledModules/Network-B8H5XX68XYMYVPFQ0AJ7H4U58.pcm

SwiftExplicitDependencyGeneratePcm arm64 /Users/joshua/Library/Developer/Xcode/DerivedData/SDKExplicitPrecompiledModules/IOSurface-ERMCD6Q6UG15D7L6L69Q4KOOF.pcm

SwiftExplicitDependencyGeneratePcm arm64 /Users/joshua/Library/Developer/Xcode/DerivedData/SDKExplicitPrecompiledModules/Accessibility-6KHB7B9TLHGEZUG021QCTTE1Q.pcm

SwiftExplicitDependencyGeneratePcm arm64 /Users/joshua/Library/Developer/Xcode/DerivedData/SDKExplicitPrecompiledModules/UniformTypeIdentifiers-D1FZYHLRE8FR3H17133D48CS3.pcm

SwiftExplicitDependencyGeneratePcm arm64 /Users/joshua/Library/Developer/Xcode/DerivedData/SDKExplicitPrecompiledModules/CoreData-AFB9SYSKBCWB4EM44CB379XFV.pcm

SwiftExplicitDependencyGeneratePcm arm64 /Users/joshua/Library/Developer/Xcode/DerivedData/SDKExplicitPrecompiledModules/FileProvider-EH8DJGTTXFAZGEPSBO797Z7U7.pcm

SwiftExplicitDependencyGeneratePcm arm64 /Users/joshua/Library/Developer/Xcode/DerivedData/SDKExplicitPrecompiledModules/CoreLocation-BW9ONOXJMUN7BL8307NDC99W4.pcm

SwiftExplicitDependencyGeneratePcm arm64 /Users/joshua/Library/Developer/Xcode/DerivedData/SDKExplicitPrecompiledModules/UIUtilities-E55PF3HPFVNI9DUHLPKR7K6C8.pcm

SwiftExplicitDependencyGeneratePcm arm64 /Users/joshua/Library/Developer/Xcode/DerivedData/SDKExplicitPrecompiledModules/OpenGLES-E3VIXYSDXECR164VE3V9I05R.pcm

SwiftExplicitDependencyGeneratePcm arm64 /Users/joshua/Library/Developer/Xcode/DerivedData/SDKExplicitPrecompiledModules/Metal-80588B5WQ0LZ2A36OS366RQTJ.pcm

SwiftExplicitDependencyGeneratePcm arm64 /Users/joshua/Library/Developer/Xcode/DerivedData/SDKExplicitPrecompiledModules/OSLog-282VW6AUP4DH173DNONUUVTWU.pcm

SwiftExplicitDependencyGeneratePcm arm64 /Users/joshua/Library/Developer/Xcode/DerivedData/SDKExplicitPrecompiledModules/AudioToolbox-2977NQX0PAB61YL4MS7CD5UYL.pcm

SwiftExplicitDependencyGeneratePcm arm64 /Users/joshua/Library/Developer/Xcode/DerivedData/SDKExplicitPrecompiledModules/AVRouting-CF5WHYLWY6T0LTAQ4AM5QAEZT.pcm

SwiftExplicitDependencyGeneratePcm arm64 /Users/joshua/Library/Developer/Xcode/DerivedData/SDKExplicitPrecompiledModules/CoreMotion-4QQMW9WLBPDYQENQY39VAZOLG.pcm

SwiftExplicitDependencyGeneratePcm arm64 /Users/joshua/Library/Developer/Xcode/DerivedData/SDKExplicitPrecompiledModules/CoreVideo-4FIHV72RG86HZDB4AK6D7H8JX.pcm

SwiftExplicitDependencyGeneratePcm arm64 /Users/joshua/Library/Developer/Xcode/DerivedData/SDKExplicitPrecompiledModules/CoreImage-628JA038LFYAA7KDKWJCB65H4.pcm

SwiftExplicitDependencyGeneratePcm arm64 /Users/joshua/Library/Developer/Xcode/DerivedData/SDKExplicitPrecompiledModules/QuartzCore-C7T11EU2CQCC8Z67K0HSSAM1A.pcm

SwiftExplicitDependencyGeneratePcm arm64 /Users/joshua/Library/Developer/Xcode/DerivedData/SDKExplicitPrecompiledModules/CoreMedia-2TYE8TESN1XA34VE3N9LA3BMR.pcm

SwiftExplicitDependencyGeneratePcm arm64 /Users/joshua/Library/Developer/Xcode/DerivedData/SDKExplicitPrecompiledModules/SwiftUICore-MO2AK6RAOF80N5JDB90I1YLY.pcm

SwiftExplicitDependencyGeneratePcm arm64 /Users/joshua/Library/Developer/Xcode/DerivedData/SDKExplicitPrecompiledModules/AVFAudio-52U2U22OQHEDB4B1I3J2FLX6T.pcm

SwiftExplicitDependencyGeneratePcm arm64 /Users/joshua/Library/Developer/Xcode/DerivedData/SDKExplicitPrecompiledModules/MediaToolbox-6440B51B7R6BZCKPSS9L3BT1O.pcm

SwiftExplicitDependencyGeneratePcm arm64 /Users/joshua/Library/Developer/Xcode/DerivedData/SDKExplicitPrecompiledModules/VideoToolbox-254W3NCEDO8X51RZ7TKZIB1RL.pcm

SwiftExplicitDependencyGeneratePcm arm64 /Users/joshua/Library/Developer/Xcode/DerivedData/SDKExplicitPrecompiledModules/UIKit-AGVEDCS0NK9Y2CST2DPLMXUNR.pcm

SwiftExplicitDependencyGeneratePcm arm64 /Users/joshua/Library/Developer/Xcode/DerivedData/SDKExplicitPrecompiledModules/AVFoundation-32PBJT8EIEX2KPBOBVDATANHQ.pcm

SwiftExplicitDependencyGeneratePcm arm64 /Users/joshua/Library/Developer/Xcode/DerivedData/SDKExplicitPrecompiledModules/GLKit-3N3OQW9X9NPKVYUMJYAJ9V200.pcm

SwiftExplicitDependencyGeneratePcm arm64 /Users/joshua/Library/Developer/Xcode/DerivedData/SDKExplicitPrecompiledModules/SwiftUI-2DMBGBXV6T1ENGPZ61FUT7HFK.pcm

SwiftExplicitDependencyGeneratePcm arm64 /Users/joshua/Library/Developer/Xcode/DerivedData/SDKExplicitPrecompiledModules/SpriteKit-CJA823XPIG9SJ3S25A205R6HU.pcm

SwiftExplicitDependencyGeneratePcm arm64 /Users/joshua/Library/Developer/Xcode/DerivedData/SDKExplicitPrecompiledModules/SceneKit-AJLV93F7I4K3OIS7EOA8NG9G8.pcm

SwiftExplicitDependencyGeneratePcm arm64 /Users/joshua/Library/Developer/Xcode/DerivedData/SDKExplicitPrecompiledModules/GameplayKit-6826YFI1L5XFXBN5X159HGDGH.pcm

SwiftCompile normal arm64 Compiling\ AudioManager.swift,\ BuildMenu.swift,\ BuildSystem.swift,\ Building.swift,\ BuildingModel.swift,\ CameraController.swift,\ Colonist.swift,\ ColonistModel.swift,\ ColonistPanel.swift,\ GameScene.swift,\ GameState.swift,\ HUDView.swift,\ InputHandler.swift,\ JobSystem.swift,\ MenuScene.swift,\ MiniMap.swift,\ NYCSurviveApp.swift,\ NeedsSystem.swift,\ Pathfinder.swift,\ Resource.swift,\ ResourceBar.swift,\ ResourceModel.swift,\ ResourceSystem.swift,\ SaveManager.swift,\ SettingsView.swift,\ Theme.swift,\ TileMap.swift,\ TileType.swift,\ TimeSystem.swift,\ TutorialView.swift,\ View+Glass.swift,\ WorldGenerator.swift,\ GeneratedAssetSymbols.swift /Users/joshua/Documents/Code/nyc/Sources/Audio/AudioManager.swift /Users/joshua/Documents/Code/nyc/Sources/HUD/BuildMenu.swift /Users/joshua/Documents/Code/nyc/Sources/Game/Systems/BuildSystem.swift /Users/joshua/Documents/Code/nyc/Sources/Game/Entities/Building.swift /Users/joshua/Documents/Code/nyc/Sources/Models/BuildingModel.swift /Users/joshua/Documents/Code/nyc/Sources/Game/Camera/CameraController.swift /Users/joshua/Documents/Code/nyc/Sources/Game/Entities/Colonist.swift /Users/joshua/Documents/Code/nyc/Sources/Models/ColonistModel.swift /Users/joshua/Documents/Code/nyc/Sources/HUD/ColonistPanel.swift /Users/joshua/Documents/Code/nyc/Sources/Game/Scenes/GameScene.swift /Users/joshua/Documents/Code/nyc/Sources/Models/GameState.swift /Users/joshua/Documents/Code/nyc/Sources/HUD/HUDView.swift /Users/joshua/Documents/Code/nyc/Sources/Game/Input/InputHandler.swift /Users/joshua/Documents/Code/nyc/Sources/Game/Systems/JobSystem.swift /Users/joshua/Documents/Code/nyc/Sources/Game/Scenes/MenuScene.swift /Users/joshua/Documents/Code/nyc/Sources/HUD/MiniMap.swift /Users/joshua/Documents/Code/nyc/Sources/AppiOS/NYCSurviveApp.swift /Users/joshua/Documents/Code/nyc/Sources/Game/Systems/NeedsSystem.swift /Users/joshua/Documents/Code/nyc/Sources/Game/Systems/Pathfinder.swift /Users/joshua/Documents/Code/nyc/Sources/Game/Entities/Resource.swift /Users/joshua/Documents/Code/nyc/Sources/HUD/ResourceBar.swift /Users/joshua/Documents/Code/nyc/Sources/Models/ResourceModel.swift /Users/joshua/Documents/Code/nyc/Sources/Game/Systems/ResourceSystem.swift /Users/joshua/Documents/Code/nyc/Sources/Models/SaveManager.swift /Users/joshua/Documents/Code/nyc/Sources/HUD/SettingsView.swift /Users/joshua/Documents/Code/nyc/Sources/HUD/Theme.swift /Users/joshua/Documents/Code/nyc/Sources/Game/World/TileMap.swift /Users/joshua/Documents/Code/nyc/Sources/Game/World/TileType.swift /Users/joshua/Documents/Code/nyc/Sources/Game/Systems/TimeSystem.swift /Users/joshua/Documents/Code/nyc/Sources/HUD/TutorialView.swift /Users/joshua/Documents/Code/nyc/Sources/HUD/View+Glass.swift /Users/joshua/Documents/Code/nyc/Sources/Game/World/WorldGenerator.swift /Users/joshua/Library/Developer/Xcode/DerivedData/NYCSurvive-ghjqqqvbsxaxcgcvqpdwhlawlxhh/Build/Intermediates.noindex/ArchiveIntermediates/NYCSurvive-iOS/IntermediateBuildFilesPath/NYCSurvive.build/Release-iphoneos/NYCSurvive-iOS.build/DerivedSources/GeneratedAssetSymbols.swift /Applications/Xcode.app/Contents/Developer/Toolchains/XcodeDefault.xctoolchain/usr/lib/swift/iphoneos/prebuilt-modules/27.0/Swift.swiftmodule/arm64e-apple-ios.swiftmodule /Applications/Xcode.app/Contents/Developer/Toolchains/XcodeDefault.xctoolchain/usr/lib/swift/iphoneos/prebuilt-modules/27.0/os.swiftmodule/arm64e-apple-ios.swiftmodule /Applications/Xcode.app/Contents/Developer/Toolchains/XcodeDefault.xctoolchain/usr/lib/swift/iphoneos/prebuilt-modules/27.0/Darwin.swiftmodule/arm64e-apple-ios.swiftmodule /Applications/Xcode.app/Contents/Developer/Toolchains/XcodeDefault.xctoolchain/usr/lib/swift/iphoneos/prebuilt-modules/27.0/CoreGraphics.swiftmodule/arm64e-apple-ios.swiftmodule /Applications/Xcode.app/Contents/Developer/Toolchains/XcodeDefault.xctoolchain/usr/lib/swift/iphoneos/prebuilt-modules/27.0/UIKit.swiftmodule/arm64e-apple-ios.swiftmodule /Applications/Xcode.app/Contents/Developer/Toolchains/XcodeDefault.xctoolchain/usr/lib/swift/iphoneos/prebuilt-modules/27.0/UniformTypeIdentifiers.swiftmodule/arm64e-apple-ios.swiftmodule /Applications/Xcode.app/Contents/Developer/Toolchains/XcodeDefault.xctoolchain/usr/lib/swift/iphoneos/prebuilt-modules/27.0/AVFoundation.swiftmodule/arm64e-apple-ios.swiftmodule /Applications/Xcode.app/Contents/Developer/Toolchains/XcodeDefault.xctoolchain/usr/lib/swift/iphoneos/prebuilt-modules/27.0/ImageIO.swiftmodule/arm64e-apple-ios.swiftmodule /Applications/Xcode.app/Contents/Developer/Toolchains/XcodeDefault.xctoolchain/usr/lib/swift/iphoneos/prebuilt-modules/27.0/CoreLocation.swiftmodule/arm64e-apple-ios.swiftmodule /Applications/Xcode.app/Contents/Developer/Toolchains/XcodeDefault.xctoolchain/usr/lib/swift/iphoneos/prebuilt-modules/27.0/Spatial.swiftmodule/arm64e-apple-ios.swiftmodule /Applications/Xcode.app/Contents/Developer/Toolchains/XcodeDefault.xctoolchain/usr/lib/swift/iphoneos/prebuilt-modules/27.0/Foundation.swiftmodule/arm64e-apple-ios.swiftmodule /Applications/Xcode.app/Contents/Developer/Toolchains/XcodeDefault.xctoolchain/usr/lib/swift/iphoneos/prebuilt-modules/27.0/DataDetection.swiftmodule/arm64e-apple-ios.swiftmodule /Applications/Xcode.app/Contents/Developer/Toolchains/XcodeDefault.xctoolchain/usr/lib/swift/iphoneos/prebuilt-modules/27.0/_SpriteKit_SwiftUI.swiftmodule/arm64e-apple-ios.swiftmodule /Applications/Xcode.app/Contents/Developer/Toolchains/XcodeDefault.xctoolchain/usr/lib/swift/iphoneos/prebuilt-modules/27.0/_StringProcessing.swiftmodule/arm64e-apple-ios.swiftmodule /Applications/Xcode.app/Contents/Developer/Toolchains/XcodeDefault.xctoolchain/usr/lib/swift/iphoneos/prebuilt-modules/27.0/simd.swiftmodule/arm64e-apple-ios.swiftmodule /Applications/Xcode.app/Contents/Developer/Toolchains/XcodeDefault.xctoolchain/usr/lib/swift/iphoneos/prebuilt-modules/27.0/_DarwinFoundation2.swiftmodule/arm64e-apple-ios.swiftmodule /Applications/Xcode.app/Contents/Developer/Toolchains/XcodeDefault.xctoolchain/usr/lib/swift/iphoneos/prebuilt-modules/27.0/CoreTransferable.swiftmodule/arm64e-apple-ios.swiftmodule /Applications/Xcode.app/Contents/Developer/Toolchains/XcodeDefault.xctoolchain/usr/lib/swift/iphoneos/prebuilt-modules/27.0/_DarwinFoundation3.swiftmodule/arm64e-apple-ios.swiftmodule /Applications/Xcode.app/Contents/Developer/Toolchains/XcodeDefault.xctoolchain/usr/lib/swift/iphoneos/prebuilt-modules/27.0/XPC.swiftmodule/arm64e-apple-ios.swiftmodule /Applications/Xcode.app/Contents/Developer/Toolchains/XcodeDefault.xctoolchain/usr/lib/swift/iphoneos/prebuilt-modules/27.0/MediaToolbox.swiftmodule/arm64e-apple-ios.swiftmodule /Applications/Xcode.app/Contents/Developer/Toolchains/XcodeDefault.xctoolchain/usr/lib/swift/iphoneos/prebuilt-modules/27.0/CoreMotion.swiftmodule/arm64e-apple-ios.swiftmodule /Applications/Xcode.app/Contents/Developer/Toolchains/XcodeDefault.xctoolchain/usr/lib/swift/iphoneos/prebuilt-modules/27.0/CoreImage.swiftmodule/arm64e-apple-ios.swiftmodule /Applications/Xcode.app/Contents/Developer/Toolchains/XcodeDefault.xctoolchain/usr/lib/swift/iphoneos/prebuilt-modules/27.0/AVFAudio.swiftmodule/arm64e-apple-ios.swiftmodule /Applications/Xcode.app/Contents/Developer/Toolchains/XcodeDefault.xctoolchain/usr/lib/swift/iphoneos/prebuilt-modules/27.0/Accessibility.swiftmodule/arm64e-apple-ios.swiftmodule /Applications/Xcode.app/Contents/Developer/Toolchains/XcodeDefault.xctoolchain/usr/lib/swift/iphoneos/prebuilt-modules/27.0/ModelIO.swiftmodule/arm64e-apple-ios.swiftmodule /Applications/Xcode.app/Contents/Developer/Toolchains/XcodeDefault.xctoolchain/usr/lib/swift/iphoneos/prebuilt-modules/27.0/System.swiftmodule/arm64e-apple-ios.swiftmodule /Applications/Xcode.app/Contents/Developer/Toolchains/XcodeDefault.xctoolchain/usr/lib/swift/iphoneos/prebuilt-modules/27.0/Observation.swiftmodule/arm64e-apple-ios.swiftmodule /Applications/Xcode.app/Contents/Developer/Toolchains/XcodeDefault.xctoolchain/usr/lib/swift/iphoneos/prebuilt-modules/27.0/CoreAudio.swiftmodule/arm64e-apple-ios.swiftmodule /Applications/Xcode.app/Contents/Developer/Toolchains/XcodeDefault.xctoolchain/usr/lib/swift/iphoneos/prebuilt-modules/27.0/SceneKit.swiftmodule/arm64e-apple-ios.swiftmodule /Applications/Xcode.app/Contents/Developer/Toolchains/XcodeDefault.xctoolchain/usr/lib/swift/iphoneos/prebuilt-modules/27.0/SwiftUI.swiftmodule/arm64e-apple-ios.swiftmodule /Applications/Xcode.app/Contents/Developer/Toolchains/XcodeDefault.xctoolchain/usr/lib/swift/iphoneos/prebuilt-modules/27.0/SpriteKit.swiftmodule/arm64e-apple-ios.swiftmodule /Applications/Xcode.app/Contents/Developer/Toolchains/XcodeDefault.xctoolchain/usr/lib/swift/iphoneos/prebuilt-modules/27.0/Combine.swiftmodule/arm64e-apple-ios.swiftmodule /Applications/Xcode.app/Contents/Developer/Toolchains/XcodeDefault.xctoolchain/usr/lib/swift/iphoneos/prebuilt-modules/27.0/CoreFoundation.swiftmodule/arm64e-apple-ios.swiftmodule /Applications/Xcode.app/Contents/Developer/Toolchains/XcodeDefault.xctoolchain/usr/lib/swift/iphoneos/prebuilt-modules/27.0/Metal.swiftmodule/arm64e-apple-ios.swiftmodule /Applications/Xcode.app/Contents/Developer/Toolchains/XcodeDefault.xctoolchain/usr/lib/swift/iphoneos/prebuilt-modules/27.0/Symbols.swiftmodule/arm64e-apple-ios.swiftmodule /Applications/Xcode.app/Contents/Developer/Toolchains/XcodeDefault.xctoolchain/usr/lib/swift/iphoneos/prebuilt-modules/27.0/_Builtin_float.swiftmodule/arm64e-apple-ios.swiftmodule /Applications/Xcode.app/Contents/Developer/Toolchains/XcodeDefault.xctoolchain/usr/lib/swift/iphoneos/prebuilt-modules/27.0/GameplayKit.swiftmodule/arm64e-apple-ios.swiftmodule /Applications/Xcode.app/Contents/Developer/Toolchains/XcodeDefault.xctoolchain/usr/lib/swift/iphoneos/prebuilt-modules/27.0/ObjectiveC.swiftmodule/arm64e-apple-ios.swiftmodule /Applications/Xcode.app/Contents/Developer/Toolchains/XcodeDefault.xctoolchain/usr/lib/swift/iphoneos/prebuilt-modules/27.0/CoreData.swiftmodule/arm64e-apple-ios.swiftmodule /Applications/Xcode.app/Contents/Developer/Toolchains/XcodeDefault.xctoolchain/usr/lib/swift/iphoneos/prebuilt-modules/27.0/CoreMIDI.swiftmodule/arm64e-apple-ios.swiftmodule /Applications/Xcode.app/Contents/Developer/Toolchains/XcodeDefault.xctoolchain/usr/lib/swift/iphoneos/prebuilt-modules/27.0/OSLog.swiftmodule/arm64e-apple-ios.swiftmodule /Applications/Xcode.app/Contents/Developer/Toolchains/XcodeDefault.xctoolchain/usr/lib/swift/iphoneos/prebuilt-modules/27.0/CoreMedia.swiftmodule/arm64e-apple-ios.swiftmodule /Applications/Xcode.app/Contents/Developer/Toolchains/XcodeDefault.xctoolchain/usr/lib/swift/iphoneos/prebuilt-modules/27.0/SwiftUICore.swiftmodule/arm64e-apple-ios.swiftmodule /Applications/Xcode.app/Contents/Developer/Toolchains/XcodeDefault.xctoolchain/usr/lib/swift/iphoneos/prebuilt-modules/27.0/Dispatch.swiftmodule/arm64e-apple-ios.swiftmodule /Applications/Xcode.app/Contents/Developer/Toolchains/XcodeDefault.xctoolchain/usr/lib/swift/iphoneos/prebuilt-modules/27.0/_DarwinFoundation1.swiftmodule/arm64e-apple-ios.swiftmodule /Applications/Xcode.app/Contents/Developer/Toolchains/XcodeDefault.xctoolchain/usr/lib/swift/iphoneos/prebuilt-modules/27.0/QuartzCore.swiftmodule/arm64e-apple-ios.swiftmodule /Applications/Xcode.app/Contents/Developer/Toolchains/XcodeDefault.xctoolchain/usr/lib/swift/iphoneos/prebuilt-modules/27.0/VideoToolbox.swiftmodule/arm64e-apple-ios.swiftmodule /Applications/Xcode.app/Contents/Developer/Toolchains/XcodeDefault.xctoolchain/usr/lib/swift/iphoneos/prebuilt-modules/27.0/DeveloperToolsSupport.swiftmodule/arm64e-apple-ios.swiftmodule /Applications/Xcode.app/Contents/Developer/Toolchains/XcodeDefault.xctoolchain/usr/lib/swift/iphoneos/prebuilt-modules/27.0/_Concurrency.swiftmodule/arm64e-apple-ios.swiftmodule /Applications/Xcode.app/Contents/Developer/Toolchains/XcodeDefault.xctoolchain/usr/lib/swift/iphoneos/prebuilt-modules/27.0/CoreText.swiftmodule/arm64e-apple-ios.swiftmodule /Applications/Xcode.app/Contents/Developer/Toolchains/XcodeDefault.xctoolchain/usr/lib/swift/iphoneos/prebuilt-modules/27.0/CoreVideo.swiftmodule/arm64e-apple-ios.swiftmodule /Applications/Xcode.app/Contents/Developer/Toolchains/XcodeDefault.xctoolchain/usr/lib/swift/iphoneos/prebuilt-modules/27.0/FileProvider.swiftmodule/arm64e-apple-ios.swiftmodule /Applications/Xcode.app/Contents/Developer/Toolchains/XcodeDefault.xctoolchain/usr/lib/swift/iphoneos/prebuilt-modules/27.0/AudioToolbox.swiftmodule/arm64e-apple-ios.swiftmodule /Applications/Xcode.app/Contents/Developer/Toolchains/XcodeDefault.xctoolchain/usr/lib/swift/iphoneos/prebuilt-modules/27.0/GLKit.swiftmodule/arm64e-apple-ios.swiftmodule /Users/joshua/Library/Developer/Xcode/DerivedData/SDKExplicitPrecompiledModules/Symbols-9UTMVWCQRMUCOCS8JVQMN9DRZ.pcm /Users/joshua/Library/Developer/Xcode/DerivedData/SDKExplicitPrecompiledModules/_DarwinFoundation2-52HEJHH5988KMA1K4KCIWZZCZ.pcm /Users/joshua/Library/Developer/Xcode/DerivedData/SDKExplicitPrecompiledModules/DataDetection-5Y0U5V6EY846XM13KZ00DQ7PH.pcm /Users/joshua/Library/Developer/Xcode/DerivedData/SDKExplicitPrecompiledModules/CFNetwork-9VGMATGRU6IVWCWVV1Q3CE26D.pcm /Users/joshua/Library/Developer/Xcode/DerivedData/SDKExplicitPrecompiledModules/ptrcheck-84PXBV50HWLKNBPKT68J9SBEH.pcm /Users/joshua/Library/Developer/Xcode/DerivedData/SDKExplicitPrecompiledModules/_LocationEssentials-6HCL0LMNBR1NHYPDLQS07MVAT.pcm /Users/joshua/Library/Developer/Xcode/DerivedData/SDKExplicitPrecompiledModules/AVFAudio-52U2U22OQHEDB4B1I3J2FLX6T.pcm /Users/joshua/Library/Developer/Xcode/DerivedData/SDKExplicitPrecompiledModules/Network-B8H5XX68XYMYVPFQ0AJ7H4U58.pcm /Users/joshua/Library/Developer/Xcode/DerivedData/SDKExplicitPrecompiledModules/VideoToolbox-254W3NCEDO8X51RZ7TKZIB1RL.pcm /Users/joshua/Library/Developer/Xcode/DerivedData/SDKExplicitPrecompiledModules/_DarwinFoundation3-3KPIG3XMU3MD5Q233HKTGTI9P.pcm /Users/joshua/Library/Developer/Xcode/DerivedData/SDKExplicitPrecompiledModules/AVFoundation-32PBJT8EIEX2KPBOBVDATANHQ.pcm /Users/joshua/Library/Developer/Xcode/DerivedData/SDKExplicitPrecompiledModules/_Builtin_intrinsics-4KGBWOTTSSKODVAJ9WNZXWZWB.pcm /Users/joshua/Library/Developer/Xcode/DerivedData/SDKExplicitPrecompiledModules/CoreText-4S21SSAS92A5GQEYX9UEZ41BB.pcm /Users/joshua/Library/Developer/Xcode/DerivedData/SDKExplicitPrecompiledModules/simd-9C15NKSGPFV2DA3PK09YMH6G.pcm /Users/joshua/Library/Developer/Xcode/DerivedData/SDKExplicitPrecompiledModules/sys_types-Y2DVFF9ZRG6NF48JFOCAVDT5.pcm /Users/joshua/Library/Developer/Xcode/DerivedData/SDKExplicitPrecompiledModules/MediaToolbox-6440B51B7R6BZCKPSS9L3BT1O.pcm /Users/joshua/Library/Developer/Xcode/DerivedData/SDKExplicitPrecompiledModules/Spatial-5HJ1N9621BGSQ5TZCGMO6X9NV.pcm /Users/joshua/Library/Developer/Xcode/DerivedData/SDKExplicitPrecompiledModules/UIUtilities-E55PF3HPFVNI9DUHLPKR7K6C8.pcm /Users/joshua/Library/Developer/Xcode/DerivedData/SDKExplicitPrecompiledModules/MachO-8ETR6MA4ZDRTNZ6HKPMTKBKLO.pcm /Users/joshua/Library/Developer/Xcode/DerivedData/SDKExplicitPrecompiledModules/CoreVideo-4FIHV72RG86HZDB4AK6D7H8JX.pcm /Users/joshua/Library/Developer/Xcode/DerivedData/SDKExplicitPrecompiledModules/UserNotifications-61RGKCS6AHNH1RS0XSO0ZG7N5.pcm /Users/joshua/Library/Developer/Xcode/DerivedData/SDKExplicitPrecompiledModules/_Builtin_stdbool-7GJKGJLJELFXRVE7E4BQAAJI1.pcm /Users/joshua/Library/Developer/Xcode/DerivedData/SDKExplicitPrecompiledModules/DeveloperToolsSupport-AREUESVKWXUU9T6EJM7S6Q5BV.pcm /Users/joshua/Library/Developer/Xcode/DerivedData/SDKExplicitPrecompiledModules/SceneKit-AJLV93F7I4K3OIS7EOA8NG9G8.pcm /Users/joshua/Library/Developer/Xcode/DerivedData/SDKExplicitPrecompiledModules/SwiftUI-2DMBGBXV6T1ENGPZ61FUT7HFK.pcm /Users/joshua/Library/Developer/Xcode/DerivedData/SDKExplicitPrecompiledModules/CoreData-AFB9SYSKBCWB4EM44CB379XFV.pcm /Users/joshua/Library/Developer/Xcode/DerivedData/SDKExplicitPrecompiledModules/AudioToolbox-2977NQX0PAB61YL4MS7CD5UYL.pcm /Users/joshua/Library/Developer/Xcode/DerivedData/SDKExplicitPrecompiledModules/_Builtin_inttypes-EVYY7EMPCNW0CQRJLBOK63V2H.pcm /Users/joshua/Library/Developer/Xcode/DerivedData/SDKExplicitPrecompiledModules/CoreImage-628JA038LFYAA7KDKWJCB65H4.pcm /Users/joshua/Library/Developer/Xcode/DerivedData/SDKExplicitPrecompiledModules/Security-5Q2SQJF72MYEJI43FWCGUB0LW.pcm /Users/joshua/Library/Developer/Xcode/DerivedData/SDKExplicitPrecompiledModules/FileProvider-EH8DJGTTXFAZGEPSBO797Z7U7.pcm /Users/joshua/Library/Developer/Xcode/DerivedData/SDKExplicitPrecompiledModules/CoreLocation-BW9ONOXJMUN7BL8307NDC99W4.pcm /Users/joshua/Library/Developer/Xcode/DerivedData/SDKExplicitPrecompiledModules/ModelIO-EGQHVDY2TUMZLR8E27UEP0RX2.pcm /Users/joshua/Library/Developer/Xcode/DerivedData/SDKExplicitPrecompiledModules/_AvailabilityInternal-2XKSHRGK4N37TAXNQA3XHHNP7.pcm /Users/joshua/Library/Developer/Xcode/DerivedData/SDKExplicitPrecompiledModules/Dispatch-8HT5O9NOL9AC5HD5NWH9HPZMT.pcm /Users/joshua/Library/Developer/Xcode/DerivedData/SDKExplicitPrecompiledModules/_DarwinFoundation1-AJR7SAMSY9V239VNFV02KDHH0.pcm /Users/joshua/Library/Developer/Xcode/DerivedData/SDKExplicitPrecompiledModules/_Builtin_stdarg-1R35X1Z1HROX5VX8IBZI3GIHO.pcm /Users/joshua/Library/Developer/Xcode/DerivedData/SDKExplicitPrecompiledModules/_Builtin_tgmath-3M3E56VXNXVH2X02P3315J1KO.pcm /Users/joshua/Library/Developer/Xcode/DerivedData/SDKExplicitPrecompiledModules/SpriteKit-CJA823XPIG9SJ3S25A205R6HU.pcm /Users/joshua/Library/Developer/Xcode/DerivedData/SDKExplicitPrecompiledModules/UniformTypeIdentifiers-D1FZYHLRE8FR3H17133D48CS3.pcm /Users/joshua/Library/Developer/Xcode/DerivedData/SDKExplicitPrecompiledModules/_Builtin_stddef-E847RVMBQB1XPJY3ULYYPAMG.pcm /Users/joshua/Library/Developer/Xcode/DerivedData/SDKExplicitPrecompiledModules/GLKit-3N3OQW9X9NPKVYUMJYAJ9V200.pcm /Users/joshua/Library/Developer/Xcode/DerivedData/SDKExplicitPrecompiledModules/UIKit-AGVEDCS0NK9Y2CST2DPLMXUNR.pcm /Users/joshua/Library/Developer/Xcode/DerivedData/SDKExplicitPrecompiledModules/CoreMotion-4QQMW9WLBPDYQENQY39VAZOLG.pcm /Users/joshua/Library/Developer/Xcode/DerivedData/SDKExplicitPrecompiledModules/AVRouting-CF5WHYLWY6T0LTAQ4AM5QAEZT.pcm /Users/joshua/Library/Developer/Xcode/DerivedData/SDKExplicitPrecompiledModules/os-2T4ME2PGTR4YAV91L8ZFJW8G.pcm /Users/joshua/Library/Developer/Xcode/DerivedData/SDKExplicitPrecompiledModules/_Builtin_stdint-8XE2W6EOE1XZGLXOF7V050XFR.pcm /Users/joshua/Library/Developer/Xcode/DerivedData/SDKExplicitPrecompiledModules/OpenGLES-E3VIXYSDXECR164VE3V9I05R.pcm /Users/joshua/Library/Developer/Xcode/DerivedData/SDKExplicitPrecompiledModules/Accessibility-6KHB7B9TLHGEZUG021QCTTE1Q.pcm /Users/joshua/Library/Developer/Xcode/DerivedData/SDKExplicitPrecompiledModules/IOSurface-ERMCD6Q6UG15D7L6L69Q4KOOF.pcm /Users/joshua/Library/Developer/Xcode/DerivedData/SDKExplicitPrecompiledModules/_SwiftConcurrencyShims-EWYIKD34802CO24OKWHREG1U2.pcm /Users/joshua/Library/Developer/Xcode/DerivedData/SDKExplicitPrecompiledModules/CoreFoundation-7T0C61PI0CRR7KQV2MRVSSKWK.pcm /Users/joshua/Library/Developer/Xcode/DerivedData/SDKExplicitPrecompiledModules/_Builtin_limits-1C7QZ8MY58VQGVAPGD33KXWQB.pcm /Users/joshua/Library/Developer/Xcode/DerivedData/SDKExplicitPrecompiledModules/SwiftShims-3CAC10E8NXF3G7KHUBBLK5WUK.pcm /Users/joshua/Library/Developer/Xcode/DerivedData/SDKExplicitPrecompiledModules/Darwin-CCSUJK25RH1Z4MX8KZI260N71.pcm /Users/joshua/Library/Developer/Xcode/DerivedData/SDKExplicitPrecompiledModules/GameplayKit-6826YFI1L5XFXBN5X159HGDGH.pcm /Users/joshua/Library/Developer/Xcode/DerivedData/SDKExplicitPrecompiledModules/dnssd-7KQR69KHJ87VJZY7RGLC1NX15.pcm /Users/joshua/Library/Developer/Xcode/DerivedData/SDKExplicitPrecompiledModules/_Builtin_stdatomic-AXI8JZ44P7UL3J2X7G48W8Z6G.pcm /Users/joshua/Library/Developer/Xcode/DerivedData/SDKExplicitPrecompiledModules/ImageIO-8DHVG44YQJ3D308CE4T5B40CC.pcm /Users/joshua/Library/Developer/Xcode/DerivedData/SDKExplicitPrecompiledModules/QuartzCore-C7T11EU2CQCC8Z67K0HSSAM1A.pcm /Users/joshua/Library/Developer/Xcode/DerivedData/SDKExplicitPrecompiledModules/CoreTransferable-9TT0L0CLSJCFN4V1D8R6JSXQ9.pcm /Users/joshua/Library/Developer/Xcode/DerivedData/SDKExplicitPrecompiledModules/os_workgroup-4HLP4PT93KADA1OA1A0GRG3MQ.pcm /Users/joshua/Library/Developer/Xcode/DerivedData/SDKExplicitPrecompiledModules/SwiftUICore-MO2AK6RAOF80N5JDB90I1YLY.pcm /Users/joshua/Library/Developer/Xcode/DerivedData/SDKExplicitPrecompiledModules/CoreMedia-2TYE8TESN1XA34VE3N9LA3BMR.pcm /Users/joshua/Library/Developer/Xcode/DerivedData/SDKExplicitPrecompiledModules/CoreAudio-4BIKI2ZN408PPKS1KQ9ABCWKS.pcm /Users/joshua/Library/Developer/Xcode/DerivedData/SDKExplicitPrecompiledModules/_Builtin_float-AOUXG07BD55XQUO2KP33AKAI4.pcm /Users/joshua/Library/Developer/Xcode/DerivedData/SDKExplicitPrecompiledModules/Metal-80588B5WQ0LZ2A36OS366RQTJ.pcm /Users/joshua/Library/Developer/Xcode/DerivedData/SDKExplicitPrecompiledModules/CoreMIDI-98OKDIV8GBF6W3613GUB28AIT.pcm /Users/joshua/Library/Developer/Xcode/DerivedData/SDKExplicitPrecompiledModules/XPC-8FYKUODCN1P47THP35J443BT9.pcm /Users/joshua/Library/Developer/Xcode/DerivedData/SDKExplicitPrecompiledModules/OSLog-282VW6AUP4DH173DNONUUVTWU.pcm /Users/joshua/Library/Developer/Xcode/DerivedData/SDKExplicitPrecompiledModules/ObjectiveC-56YZZFXNHDX8IFOG1HUA7DOKA.pcm /Users/joshua/Library/Developer/Xcode/DerivedData/SDKExplicitPrecompiledModules/string_h-DEN410DHHO8TYTWDEQ1G9W2VR.pcm /Users/joshua/Library/Developer/Xcode/DerivedData/SDKExplicitPrecompiledModules/CoreGraphics-5QBGOV611KGFCBGM0QOSDJ6UR.pcm /Users/joshua/Library/Developer/Xcode/DerivedData/SDKExplicitPrecompiledModules/ptrauth-IRZVCZ258Q0EZ2ETPR84TQ21.pcm /Users/joshua/Library/Developer/Xcode/DerivedData/SDKExplicitPrecompiledModules/os_object-ES6MLRRJYNCKA71GGPVY2D0HX.pcm /Users/joshua/Library/Developer/Xcode/DerivedData/SDKExplicitPrecompiledModules/CoreAudioTypes-65G2JJPH8XOFKT5XSLNSX8NO4.pcm /Users/joshua/Library/Developer/Xcode/DerivedData/SDKExplicitPrecompiledModules/Foundation-AIFRJ9OI6VII977R7XBZFUAXP.pcm /Users/joshua/Library/Developer/Xcode/DerivedData/NYCSurvive-ghjqqqvbsxaxcgcvqpdwhlawlxhh/Build/Intermediates.noindex/ArchiveIntermediates/NYCSurvive-iOS/IntermediateBuildFilesPath/NYCSurvive.build/Release-iphoneos/NYCSurvive-iOS.build/Objects-normal/arm64/NYCSurvive_iOS-dependencies-1.json (in target 'NYCSurvive-iOS' from project 'NYCSurvive')

SwiftCompile normal arm64 (in target 'NYCSurvive-iOS' from project 'NYCSurvive')
    cd /Users/joshua/Documents/Code/nyc
    

SwiftDriverJobDiscovery normal arm64 Compiling AudioManager.swift, BuildMenu.swift, BuildSystem.swift, Building.swift, BuildingModel.swift, CameraController.swift, Colonist.swift, ColonistModel.swift, ColonistPanel.swift, GameScene.swift, GameState.swift, HUDView.swift, InputHandler.swift, JobSystem.swift, MenuScene.swift, MiniMap.swift, NYCSurviveApp.swift, NeedsSystem.swift, Pathfinder.swift, Resource.swift, ResourceBar.swift, ResourceModel.swift, ResourceSystem.swift, SaveManager.swift, SettingsView.swift, Theme.swift, TileMap.swift, TileType.swift, TimeSystem.swift, TutorialView.swift, View+Glass.swift, WorldGenerator.swift, GeneratedAssetSymbols.swift (in target 'NYCSurvive-iOS' from project 'NYCSurvive')

SwiftDriver\ Compilation\ Requirements NYCSurvive-iOS normal arm64 com.apple.xcode.tools.swift.compiler (in target 'NYCSurvive-iOS' from project 'NYCSurvive')
    cd /Users/joshua/Documents/Code/nyc
    builtin-Swift-Compilation-Requirements -- /Applications/Xcode.app/Contents/Developer/Toolchains/XcodeDefault.xctoolchain/usr/bin/swiftc -module-name NYCSurvive_iOS -O -whole-module-optimization @/Users/joshua/Library/Developer/Xcode/DerivedData/NYCSurvive-ghjqqqvbsxaxcgcvqpdwhlawlxhh/Build/Intermediates.noindex/ArchiveIntermediates/NYCSurvive-iOS/IntermediateBuildFilesPath/NYCSurvive.build/Release-iphoneos/NYCSurvive-iOS.build/Objects-normal/arm64/NYCSurvive-iOS.SwiftFileList -enable-experimental-feature DebugDescriptionMacro -sdk /Applications/Xcode.app/Contents/Developer/Platforms/iPhoneOS.platform/Developer/SDKs/iPhoneOS27.0.sdk -target arm64-apple-ios17.0 -g -module-cache-path /Users/joshua/Library/Developer/Xcode/DerivedData/ModuleCache.noindex -Xfrontend -serialize-debugging-options -swift-version 6 -I /Users/joshua/Library/Developer/Xcode/DerivedData/NYCSurvive-ghjqqqvbsxaxcgcvqpdwhlawlxhh/Build/Intermediates.noindex/ArchiveIntermediates/NYCSurvive-iOS/BuildProductsPath/Release-iphoneos -F /Users/joshua/Library/Developer/Xcode/DerivedData/NYCSurvive-ghjqqqvbsxaxcgcvqpdwhlawlxhh/Build/Intermediates.noindex/ArchiveIntermediates/NYCSurvive-iOS/BuildProductsPath/Release-iphoneos -c -num-threads 10 -Xcc -ivfsstatcache -Xcc /Users/joshua/Library/Developer/Xcode/DerivedData/SDKStatCaches.noindex/iphoneos27.0-24A430-e829b21a6f8c9b70876ba0858053c0446c78b3cbc238196c85e1bf6c792c5915.sdkstatcache -output-file-map /Users/joshua/Library/Developer/Xcode/DerivedData/NYCSurvive-ghjqqqvbsxaxcgcvqpdwhlawlxhh/Build/Intermediates.noindex/ArchiveIntermediates/NYCSurvive-iOS/IntermediateBuildFilesPath/NYCSurvive.build/Release-iphoneos/NYCSurvive-iOS.build/Objects-normal/arm64/NYCSurvive-iOS-OutputFileMap.json -save-temps -no-color-diagnostics -explicit-module-build -module-cache-path /Users/joshua/Library/Developer/Xcode/DerivedData/NYCSurvive-ghjqqqvbsxaxcgcvqpdwhlawlxhh/Build/Intermediates.noindex/ArchiveIntermediates/NYCSurvive-iOS/IntermediateBuildFilesPath/SwiftExplicitPrecompiledModules -clang-scanner-module-cache-path /Users/joshua/Library/Developer/Xcode/DerivedData/ModuleCache.noindex -sdk-module-cache-path /Users/joshua/Library/Developer/Xcode/DerivedData/SDKExplicitPrecompiledModules -emit-dependencies -emit-module -emit-module-path /Users/joshua/Library/Developer/Xcode/DerivedData/NYCSurvive-ghjqqqvbsxaxcgcvqpdwhlawlxhh/Build/Intermediates.noindex/ArchiveIntermediates/NYCSurvive-iOS/IntermediateBuildFilesPath/NYCSurvive.build/Release-iphoneos/NYCSurvive-iOS.build/Objects-normal/arm64/NYCSurvive_iOS.swiftmodule -serialize-diagnostics -dependency-scan-serialize-diagnostics-path /Users/joshua/Library/Developer/Xcode/DerivedData/NYCSurvive-ghjqqqvbsxaxcgcvqpdwhlawlxhh/Build/Intermediates.noindex/ArchiveIntermediates/NYCSurvive-iOS/IntermediateBuildFilesPath/NYCSurvive.build/Release-iphoneos/NYCSurvive-iOS.build/Objects-normal/arm64/NYCSurvive_iOS-dependency-scan.dia -validate-clang-modules-once -clang-build-session-file /Users/joshua/Library/Developer/Xcode/DerivedData/ModuleCache.noindex/Session.modulevalidation -Xcc -fmodules-prune-interval\=86400 -Xcc -fmodules-prune-after\=345600 -emit-const-values -const-gather-protocols-list /Users/joshua/Library/Developer/Xcode/DerivedData/NYCSurvive-ghjqqqvbsxaxcgcvqpdwhlawlxhh/Build/Intermediates.noindex/ArchiveIntermediates/NYCSurvive-iOS/IntermediateBuildFilesPath/NYCSurvive.build/Release-iphoneos/NYCSurvive-iOS.build/Objects-normal/arm64/NYCSurvive-iOS_const_extract_protocols.json -Xcc -iquote -Xcc /Users/joshua/Library/Developer/Xcode/DerivedData/NYCSurvive-ghjqqqvbsxaxcgcvqpdwhlawlxhh/Build/Intermediates.noindex/ArchiveIntermediates/NYCSurvive-iOS/IntermediateBuildFilesPath/NYCSurvive.build/Release-iphoneos/NYCSurvive-iOS.build/NYCSurvive-iOS-generated-files.hmap -Xcc -I/Users/joshua/Library/Developer/Xcode/DerivedData/NYCSurvive-ghjqqqvbsxaxcgcvqpdwhlawlxhh/Build/Intermediates.noindex/ArchiveIntermediates/NYCSurvive-iOS/IntermediateBuildFilesPath/NYCSurvive.build/Release-iphoneos/NYCSurvive-iOS.build/NYCSurvive-iOS-own-target-headers.hmap -Xcc -I/Users/joshua/Library/Developer/Xcode/DerivedData/NYCSurvive-ghjqqqvbsxaxcgcvqpdwhlawlxhh/Build/Intermediates.noindex/ArchiveIntermediates/NYCSurvive-iOS/IntermediateBuildFilesPath/NYCSurvive.build/Release-iphoneos/NYCSurvive-iOS.build/NYCSurvive-iOS-all-target-headers.hmap -Xcc -iquote -Xcc /Users/joshua/Library/Developer/Xcode/DerivedData/NYCSurvive-ghjqqqvbsxaxcgcvqpdwhlawlxhh/Build/Intermediates.noindex/ArchiveIntermediates/NYCSurvive-iOS/IntermediateBuildFilesPath/NYCSurvive.build/Release-iphoneos/NYCSurvive-iOS.build/NYCSurvive-iOS-project-headers.hmap -Xcc -I/Users/joshua/Library/Developer/Xcode/DerivedData/NYCSurvive-ghjqqqvbsxaxcgcvqpdwhlawlxhh/Build/Intermediates.noindex/ArchiveIntermediates/NYCSurvive-iOS/BuildProductsPath/Release-iphoneos/include -Xcc -I/Users/joshua/Library/Developer/Xcode/DerivedData/NYCSurvive-ghjqqqvbsxaxcgcvqpdwhlawlxhh/Build/Intermediates.noindex/ArchiveIntermediates/NYCSurvive-iOS/IntermediateBuildFilesPath/NYCSurvive.build/Release-iphoneos/NYCSurvive-iOS.build/DerivedSources-normal/arm64 -Xcc -I/Users/joshua/Library/Developer/Xcode/DerivedData/NYCSurvive-ghjqqqvbsxaxcgcvqpdwhlawlxhh/Build/Intermediates.noindex/ArchiveIntermediates/NYCSurvive-iOS/IntermediateBuildFilesPath/NYCSurvive.build/Release-iphoneos/NYCSurvive-iOS.build/DerivedSources/arm64 -Xcc -I/Users/joshua/Library/Developer/Xcode/DerivedData/NYCSurvive-ghjqqqvbsxaxcgcvqpdwhlawlxhh/Build/Intermediates.noindex/ArchiveIntermediates/NYCSurvive-iOS/IntermediateBuildFilesPath/NYCSurvive.build/Release-iphoneos/NYCSurvive-iOS.build/DerivedSources -emit-objc-header -emit-objc-header-path /Users/joshua/Library/Developer/Xcode/DerivedData/NYCSurvive-ghjqqqvbsxaxcgcvqpdwhlawlxhh/Build/Intermediates.noindex/ArchiveIntermediates/NYCSurvive-iOS/IntermediateBuildFilesPath/NYCSurvive.build/Release-iphoneos/NYCSurvive-iOS.build/Objects-normal/arm64/NYCSurvive_iOS-Swift.h -working-directory /Users/joshua/Documents/Code/nyc -no-emit-module-separately-wmo

SwiftMergeGeneratedHeaders /Users/joshua/Library/Developer/Xcode/DerivedData/NYCSurvive-ghjqqqvbsxaxcgcvqpdwhlawlxhh/Build/Intermediates.noindex/ArchiveIntermediates/NYCSurvive-iOS/IntermediateBuildFilesPath/NYCSurvive.build/Release-iphoneos/NYCSurvive-iOS.build/DerivedSources/NYCSurvive_iOS-Swift.h /Users/joshua/Library/Developer/Xcode/DerivedData/NYCSurvive-ghjqqqvbsxaxcgcvqpdwhlawlxhh/Build/Intermediates.noindex/ArchiveIntermediates/NYCSurvive-iOS/IntermediateBuildFilesPath/NYCSurvive.build/Release-iphoneos/NYCSurvive-iOS.build/Objects-normal/arm64/NYCSurvive_iOS-Swift.h (in target 'NYCSurvive-iOS' from project 'NYCSurvive')
    cd /Users/joshua/Documents/Code/nyc
    builtin-swiftHeaderTool -arch arm64 /Users/joshua/Library/Developer/Xcode/DerivedData/NYCSurvive-ghjqqqvbsxaxcgcvqpdwhlawlxhh/Build/Intermediates.noindex/ArchiveIntermediates/NYCSurvive-iOS/IntermediateBuildFilesPath/NYCSurvive.build/Release-iphoneos/NYCSurvive-iOS.build/Objects-normal/arm64/NYCSurvive_iOS-Swift.h -o /Users/joshua/Library/Developer/Xcode/DerivedData/NYCSurvive-ghjqqqvbsxaxcgcvqpdwhlawlxhh/Build/Intermediates.noindex/ArchiveIntermediates/NYCSurvive-iOS/IntermediateBuildFilesPath/NYCSurvive.build/Release-iphoneos/NYCSurvive-iOS.build/DerivedSources/NYCSurvive_iOS-Swift.h

Copy /Users/joshua/Library/Developer/Xcode/DerivedData/NYCSurvive-ghjqqqvbsxaxcgcvqpdwhlawlxhh/Build/Intermediates.noindex/ArchiveIntermediates/NYCSurvive-iOS/BuildProductsPath/Release-iphoneos/NYCSurvive_iOS.swiftmodule/arm64-apple-ios.abi.json /Users/joshua/Library/Developer/Xcode/DerivedData/NYCSurvive-ghjqqqvbsxaxcgcvqpdwhlawlxhh/Build/Intermediates.noindex/ArchiveIntermediates/NYCSurvive-iOS/IntermediateBuildFilesPath/NYCSurvive.build/Release-iphoneos/NYCSurvive-iOS.build/Objects-normal/arm64/NYCSurvive_iOS.abi.json (in target 'NYCSurvive-iOS' from project 'NYCSurvive')
    cd /Users/joshua/Documents/Code/nyc
    builtin-copy -exclude .DS_Store -exclude CVS -exclude .svn -exclude .git -exclude .hg -resolve-src-symlinks -rename /Users/joshua/Library/Developer/Xcode/DerivedData/NYCSurvive-ghjqqqvbsxaxcgcvqpdwhlawlxhh/Build/Intermediates.noindex/ArchiveIntermediates/NYCSurvive-iOS/IntermediateBuildFilesPath/NYCSurvive.build/Release-iphoneos/NYCSurvive-iOS.build/Objects-normal/arm64/NYCSurvive_iOS.abi.json /Users/joshua/Library/Developer/Xcode/DerivedData/NYCSurvive-ghjqqqvbsxaxcgcvqpdwhlawlxhh/Build/Intermediates.noindex/ArchiveIntermediates/NYCSurvive-iOS/BuildProductsPath/Release-iphoneos/NYCSurvive_iOS.swiftmodule/arm64-apple-ios.abi.json

Copy /Users/joshua/Library/Developer/Xcode/DerivedData/NYCSurvive-ghjqqqvbsxaxcgcvqpdwhlawlxhh/Build/Intermediates.noindex/ArchiveIntermediates/NYCSurvive-iOS/BuildProductsPath/Release-iphoneos/NYCSurvive_iOS.swiftmodule/arm64-apple-ios.swiftdoc /Users/joshua/Library/Developer/Xcode/DerivedData/NYCSurvive-ghjqqqvbsxaxcgcvqpdwhlawlxhh/Build/Intermediates.noindex/ArchiveIntermediates/NYCSurvive-iOS/IntermediateBuildFilesPath/NYCSurvive.build/Release-iphoneos/NYCSurvive-iOS.build/Objects-normal/arm64/NYCSurvive_iOS.swiftdoc (in target 'NYCSurvive-iOS' from project 'NYCSurvive')
    cd /Users/joshua/Documents/Code/nyc
    builtin-copy -exclude .DS_Store -exclude CVS -exclude .svn -exclude .git -exclude .hg -resolve-src-symlinks -rename /Users/joshua/Library/Developer/Xcode/DerivedData/NYCSurvive-ghjqqqvbsxaxcgcvqpdwhlawlxhh/Build/Intermediates.noindex/ArchiveIntermediates/NYCSurvive-iOS/IntermediateBuildFilesPath/NYCSurvive.build/Release-iphoneos/NYCSurvive-iOS.build/Objects-normal/arm64/NYCSurvive_iOS.swiftdoc /Users/joshua/Library/Developer/Xcode/DerivedData/NYCSurvive-ghjqqqvbsxaxcgcvqpdwhlawlxhh/Build/Intermediates.noindex/ArchiveIntermediates/NYCSurvive-iOS/BuildProductsPath/Release-iphoneos/NYCSurvive_iOS.swiftmodule/arm64-apple-ios.swiftdoc

Copy /Users/joshua/Library/Developer/Xcode/DerivedData/NYCSurvive-ghjqqqvbsxaxcgcvqpdwhlawlxhh/Build/Intermediates.noindex/ArchiveIntermediates/NYCSurvive-iOS/BuildProductsPath/Release-iphoneos/NYCSurvive_iOS.swiftmodule/arm64-apple-ios.swiftmodule /Users/joshua/Library/Developer/Xcode/DerivedData/NYCSurvive-ghjqqqvbsxaxcgcvqpdwhlawlxhh/Build/Intermediates.noindex/ArchiveIntermediates/NYCSurvive-iOS/IntermediateBuildFilesPath/NYCSurvive.build/Release-iphoneos/NYCSurvive-iOS.build/Objects-normal/arm64/NYCSurvive_iOS.swiftmodule (in target 'NYCSurvive-iOS' from project 'NYCSurvive')
    cd /Users/joshua/Documents/Code/nyc
    builtin-copy -exclude .DS_Store -exclude CVS -exclude .svn -exclude .git -exclude .hg -resolve-src-symlinks -rename /Users/joshua/Library/Developer/Xcode/DerivedData/NYCSurvive-ghjqqqvbsxaxcgcvqpdwhlawlxhh/Build/Intermediates.noindex/ArchiveIntermediates/NYCSurvive-iOS/IntermediateBuildFilesPath/NYCSurvive.build/Release-iphoneos/NYCSurvive-iOS.build/Objects-normal/arm64/NYCSurvive_iOS.swiftmodule /Users/joshua/Library/Developer/Xcode/DerivedData/NYCSurvive-ghjqqqvbsxaxcgcvqpdwhlawlxhh/Build/Intermediates.noindex/ArchiveIntermediates/NYCSurvive-iOS/BuildProductsPath/Release-iphoneos/NYCSurvive_iOS.swiftmodule/arm64-apple-ios.swiftmodule

Ld /Users/joshua/Library/Developer/Xcode/DerivedData/NYCSurvive-ghjqqqvbsxaxcgcvqpdwhlawlxhh/Build/Intermediates.noindex/ArchiveIntermediates/NYCSurvive-iOS/InstallationBuildProductsLocation/Applications/NYCSurvive-iOS.app/NYCSurvive-iOS normal (in target 'NYCSurvive-iOS' from project 'NYCSurvive')
    cd /Users/joshua/Documents/Code/nyc
    /Applications/Xcode.app/Contents/Developer/Toolchains/XcodeDefault.xctoolchain/usr/bin/clang -Xlinker -reproducible -target arm64-apple-ios17.0 -isysroot /Applications/Xcode.app/Contents/Developer/Platforms/iPhoneOS.platform/Developer/SDKs/iPhoneOS27.0.sdk -Os -Xlinker -no_warn_duplicate_libraries -L/Users/joshua/Library/Developer/Xcode/DerivedData/NYCSurvive-ghjqqqvbsxaxcgcvqpdwhlawlxhh/Build/Intermediates.noindex/ArchiveIntermediates/NYCSurvive-iOS/IntermediateBuildFilesPath/EagerLinkingTBDs/Release-iphoneos -L/Users/joshua/Library/Developer/Xcode/DerivedData/NYCSurvive-ghjqqqvbsxaxcgcvqpdwhlawlxhh/Build/Intermediates.noindex/ArchiveIntermediates/NYCSurvive-iOS/BuildProductsPath/Release-iphoneos -F/Users/joshua/Library/Developer/Xcode/DerivedData/NYCSurvive-ghjqqqvbsxaxcgcvqpdwhlawlxhh/Build/Intermediates.noindex/ArchiveIntermediates/NYCSurvive-iOS/IntermediateBuildFilesPath/EagerLinkingTBDs/Release-iphoneos -F/Users/joshua/Library/Developer/Xcode/DerivedData/NYCSurvive-ghjqqqvbsxaxcgcvqpdwhlawlxhh/Build/Intermediates.noindex/ArchiveIntermediates/NYCSurvive-iOS/BuildProductsPath/Release-iphoneos -filelist /Users/joshua/Library/Developer/Xcode/DerivedData/NYCSurvive-ghjqqqvbsxaxcgcvqpdwhlawlxhh/Build/Intermediates.noindex/ArchiveIntermediates/NYCSurvive-iOS/IntermediateBuildFilesPath/NYCSurvive.build/Release-iphoneos/NYCSurvive-iOS.build/Objects-normal/arm64/NYCSurvive-iOS.LinkFileList -Xlinker -rpath -Xlinker /usr/lib/swift -Xlinker -rpath -Xlinker @executable_path/Frameworks -Xlinker -dead_strip -Xlinker -object_path_lto -Xlinker /Users/joshua/Library/Developer/Xcode/DerivedData/NYCSurvive-ghjqqqvbsxaxcgcvqpdwhlawlxhh/Build/Intermediates.noindex/ArchiveIntermediates/NYCSurvive-iOS/IntermediateBuildFilesPath/NYCSurvive.build/Release-iphoneos/NYCSurvive-iOS.build/Objects-normal/arm64/NYCSurvive-iOS_lto.o -Xlinker -final_output -Xlinker /Applications/NYCSurvive-iOS.app/NYCSurvive-iOS -Xlinker -dependency_info -Xlinker /Users/joshua/Library/Developer/Xcode/DerivedData/NYCSurvive-ghjqqqvbsxaxcgcvqpdwhlawlxhh/Build/Intermediates.noindex/ArchiveIntermediates/NYCSurvive-iOS/IntermediateBuildFilesPath/NYCSurvive.build/Release-iphoneos/NYCSurvive-iOS.build/Objects-normal/arm64/NYCSurvive-iOS_dependency_info.dat -fobjc-link-runtime -L/Applications/Xcode.app/Contents/Developer/Toolchains/XcodeDefault.xctoolchain/usr/lib/swift/iphoneos -L/usr/lib/swift -Xlinker -add_ast_path -Xlinker /Users/joshua/Library/Developer/Xcode/DerivedData/NYCSurvive-ghjqqqvbsxaxcgcvqpdwhlawlxhh/Build/Intermediates.noindex/ArchiveIntermediates/NYCSurvive-iOS/IntermediateBuildFilesPath/NYCSurvive.build/Release-iphoneos/NYCSurvive-iOS.build/Objects-normal/arm64/NYCSurvive_iOS.swiftmodule -Xlinker -no_adhoc_codesign -o /Users/joshua/Library/Developer/Xcode/DerivedData/NYCSurvive-ghjqqqvbsxaxcgcvqpdwhlawlxhh/Build/Intermediates.noindex/ArchiveIntermediates/NYCSurvive-iOS/InstallationBuildProductsLocation/Applications/NYCSurvive-iOS.app/NYCSurvive-iOS

CopySwiftLibs /Users/joshua/Library/Developer/Xcode/DerivedData/NYCSurvive-ghjqqqvbsxaxcgcvqpdwhlawlxhh/Build/Intermediates.noindex/ArchiveIntermediates/NYCSurvive-iOS/InstallationBuildProductsLocation/Applications/NYCSurvive-iOS.app (in target 'NYCSurvive-iOS' from project 'NYCSurvive')
    cd /Users/joshua/Documents/Code/nyc
    builtin-swiftStdLibTool --copy --verbose --sign DCF40745BE43EDF323978FBAEB96BAC4C4FA93E2 --scan-executable /Users/joshua/Library/Developer/Xcode/DerivedData/NYCSurvive-ghjqqqvbsxaxcgcvqpdwhlawlxhh/Build/Intermediates.noindex/ArchiveIntermediates/NYCSurvive-iOS/InstallationBuildProductsLocation/Applications/NYCSurvive-iOS.app/NYCSurvive-iOS --scan-folder /Users/joshua/Library/Developer/Xcode/DerivedData/NYCSurvive-ghjqqqvbsxaxcgcvqpdwhlawlxhh/Build/Intermediates.noindex/ArchiveIntermediates/NYCSurvive-iOS/InstallationBuildProductsLocation/Applications/NYCSurvive-iOS.app/Frameworks --scan-folder /Users/joshua/Library/Developer/Xcode/DerivedData/NYCSurvive-ghjqqqvbsxaxcgcvqpdwhlawlxhh/Build/Intermediates.noindex/ArchiveIntermediates/NYCSurvive-iOS/InstallationBuildProductsLocation/Applications/NYCSurvive-iOS.app/PlugIns --scan-folder /Users/joshua/Library/Developer/Xcode/DerivedData/NYCSurvive-ghjqqqvbsxaxcgcvqpdwhlawlxhh/Build/Intermediates.noindex/ArchiveIntermediates/NYCSurvive-iOS/InstallationBuildProductsLocation/Applications/NYCSurvive-iOS.app/SystemExtensions --scan-folder /Users/joshua/Library/Developer/Xcode/DerivedData/NYCSurvive-ghjqqqvbsxaxcgcvqpdwhlawlxhh/Build/Intermediates.noindex/ArchiveIntermediates/NYCSurvive-iOS/InstallationBuildProductsLocation/Applications/NYCSurvive-iOS.app/Extensions --platform iphoneos --toolchain /var/run/com.apple.security.cryptexd/mnt/com.apple.MobileAsset.MetalToolchain-v27.1.266.1.sPjDR9/Metal.xctoolchain --toolchain /Applications/Xcode.app/Contents/Developer/Toolchains/XcodeDefault.xctoolchain --destination /Users/joshua/Library/Developer/Xcode/DerivedData/NYCSurvive-ghjqqqvbsxaxcgcvqpdwhlawlxhh/Build/Intermediates.noindex/ArchiveIntermediates/NYCSurvive-iOS/InstallationBuildProductsLocation/Applications/NYCSurvive-iOS.app/Frameworks --unsigned-destination /Users/joshua/Library/Developer/Xcode/DerivedData/NYCSurvive-ghjqqqvbsxaxcgcvqpdwhlawlxhh/Build/Intermediates.noindex/ArchiveIntermediates/NYCSurvive-iOS/BuildProductsPath/SwiftSupport --strip-bitcode --strip-bitcode-tool /Applications/Xcode.app/Contents/Developer/Toolchains/XcodeDefault.xctoolchain/usr/bin/bitcode_strip --emit-dependency-info /Users/joshua/Library/Developer/Xcode/DerivedData/NYCSurvive-ghjqqqvbsxaxcgcvqpdwhlawlxhh/Build/Intermediates.noindex/ArchiveIntermediates/NYCSurvive-iOS/IntermediateBuildFilesPath/NYCSurvive.build/Release-iphoneos/NYCSurvive-iOS.build/SwiftStdLibToolInputDependencies.dep --filter-for-swift-os --back-deploy-swift-span

ExtractAppIntentsMetadata (in target 'NYCSurvive-iOS' from project 'NYCSurvive')
    cd /Users/joshua/Documents/Code/nyc
    /Applications/Xcode.app/Contents/Developer/Toolchains/XcodeDefault.xctoolchain/usr/bin/appintentsmetadataprocessor --toolchain-dir /var/run/com.apple.security.cryptexd/mnt/com.apple.MobileAsset.MetalToolchain-v27.1.266.1.sPjDR9/Metal.xctoolchain --module-name NYCSurvive_iOS --sdk-root /Applications/Xcode.app/Contents/Developer/Platforms/iPhoneOS.platform/Developer/SDKs/iPhoneOS27.0.sdk --xcode-version 27A266a --platform-family iOS --deployment-target 17.0 --bundle-identifier com.heyitsmejosh.nyc --output /Users/joshua/Library/Developer/Xcode/DerivedData/NYCSurvive-ghjqqqvbsxaxcgcvqpdwhlawlxhh/Build/Intermediates.noindex/ArchiveIntermediates/NYCSurvive-iOS/InstallationBuildProductsLocation/Applications/NYCSurvive-iOS.app --target-triple arm64-apple-ios17.0 --binary-file /Users/joshua/Library/Developer/Xcode/DerivedData/NYCSurvive-ghjqqqvbsxaxcgcvqpdwhlawlxhh/Build/Intermediates.noindex/ArchiveIntermediates/NYCSurvive-iOS/InstallationBuildProductsLocation/Applications/NYCSurvive-iOS.app/NYCSurvive-iOS --dependency-file /Users/joshua/Library/Developer/Xcode/DerivedData/NYCSurvive-ghjqqqvbsxaxcgcvqpdwhlawlxhh/Build/Intermediates.noindex/ArchiveIntermediates/NYCSurvive-iOS/IntermediateBuildFilesPath/NYCSurvive.build/Release-iphoneos/NYCSurvive-iOS.build/Objects-normal/arm64/NYCSurvive-iOS_dependency_info.dat --stringsdata-file /Users/joshua/Library/Developer/Xcode/DerivedData/NYCSurvive-ghjqqqvbsxaxcgcvqpdwhlawlxhh/Build/Intermediates.noindex/ArchiveIntermediates/NYCSurvive-iOS/IntermediateBuildFilesPath/NYCSurvive.build/Release-iphoneos/NYCSurvive-iOS.build/Objects-normal/arm64/ExtractedAppShortcutsMetadata.stringsdata --source-file-list /Users/joshua/Library/Developer/Xcode/DerivedData/NYCSurvive-ghjqqqvbsxaxcgcvqpdwhlawlxhh/Build/Intermediates.noindex/ArchiveIntermediates/NYCSurvive-iOS/IntermediateBuildFilesPath/NYCSurvive.build/Release-iphoneos/NYCSurvive-iOS.build/Objects-normal/arm64/NYCSurvive-iOS.SwiftFileList --metadata-file-list /Users/joshua/Library/Developer/Xcode/DerivedData/NYCSurvive-ghjqqqvbsxaxcgcvqpdwhlawlxhh/Build/Intermediates.noindex/ArchiveIntermediates/NYCSurvive-iOS/IntermediateBuildFilesPath/NYCSurvive.build/Release-iphoneos/NYCSurvive-iOS.build/NYCSurvive-iOS.DependencyMetadataFileList --static-metadata-file-list /Users/joshua/Library/Developer/Xcode/DerivedData/NYCSurvive-ghjqqqvbsxaxcgcvqpdwhlawlxhh/Build/Intermediates.noindex/ArchiveIntermediates/NYCSurvive-iOS/IntermediateBuildFilesPath/NYCSurvive.build/Release-iphoneos/NYCSurvive-iOS.build/NYCSurvive-iOS.DependencyStaticMetadataFileList --swift-const-vals-list /Users/joshua/Library/Developer/Xcode/DerivedData/NYCSurvive-ghjqqqvbsxaxcgcvqpdwhlawlxhh/Build/Intermediates.noindex/ArchiveIntermediates/NYCSurvive-iOS/IntermediateBuildFilesPath/NYCSurvive.build/Release-iphoneos/NYCSurvive-iOS.build/Objects-normal/arm64/NYCSurvive-iOS.SwiftConstValuesFileList --compile-time-extraction --deployment-aware-processing --no-app-shortcuts-localization
2026-10-05 21:45:56.595 appintentsmetadataprocessor[91697:13055621] Starting appintentsmetadataprocessor export
2026-10-05 21:45:56.596 appintentsmetadataprocessor[91697:13055621] warning: Metadata extraction skipped, no AppIntents.framework dependency found

GenerateDSYMFile /Users/joshua/Library/Developer/Xcode/DerivedData/NYCSurvive-ghjqqqvbsxaxcgcvqpdwhlawlxhh/Build/Intermediates.noindex/ArchiveIntermediates/NYCSurvive-iOS/BuildProductsPath/Release-iphoneos/NYCSurvive-iOS.app.dSYM /Users/joshua/Library/Developer/Xcode/DerivedData/NYCSurvive-ghjqqqvbsxaxcgcvqpdwhlawlxhh/Build/Intermediates.noindex/ArchiveIntermediates/NYCSurvive-iOS/InstallationBuildProductsLocation/Applications/NYCSurvive-iOS.app/NYCSurvive-iOS (in target 'NYCSurvive-iOS' from project 'NYCSurvive')
    cd /Users/joshua/Documents/Code/nyc
    export PATH\=/Applications/Xcode.app/Contents/SharedFrameworks/SwiftBuild.framework/Versions/A/PlugIns/SWBBuildService.bundle/Contents/PlugIns/SWBUniversalPlatformPlugin.bundle/Contents/Frameworks/SWBUniversalPlatform.framework/Resources:/var/run/com.apple.security.cryptexd/mnt/com.apple.MobileAsset.MetalToolchain-v27.1.266.1.sPjDR9/Metal.xctoolchain/usr/bin:/var/run/com.apple.security.cryptexd/mnt/com.apple.MobileAsset.MetalToolchain-v27.1.266.1.sPjDR9/Metal.xctoolchain/usr/local/bin:/var/run/com.apple.security.cryptexd/mnt/com.apple.MobileAsset.MetalToolchain-v27.1.266.1.sPjDR9/Metal.xctoolchain/usr/libexec:/Applications/Xcode.app/Contents/Developer/Toolchains/XcodeDefault.xctoolchain/usr/bin:/Applications/Xcode.app/Contents/Developer/Toolchains/XcodeDefault.xctoolchain/usr/local/bin:/Applications/Xcode.app/Contents/Developer/Toolchains/XcodeDefault.xctoolchain/usr/libexec:/Applications/Xcode.app/Contents/Developer/Platforms/iPhoneOS.platform/usr/bin:/Applications/Xcode.app/Contents/Developer/Platforms/iPhoneOS.platform/usr/local/bin:/Applications/Xcode.app/Contents/Developer/Platforms/iPhoneOS.platform/Developer/usr/bin:/Applications/Xcode.app/Contents/Developer/Platforms/iPhoneOS.platform/Developer/usr/local/bin:/Applications/Xcode.app/Contents/Developer/usr/bin:/Applications/Xcode.app/Contents/Developer/usr/local/bin:/opt/homebrew/sbin:/Users/joshua/.local/state/fnm_multishells/97724_1791254025843/bin:/Users/joshua/.cargo/bin:/Users/joshua/.rbenv/shims:/Users/joshua/.local/bin:/opt/homebrew/opt/ruby/bin:/opt/homebrew/bin:/usr/local/bin:/System/Cryptexes/App/usr/bin:/usr/bin:/bin:/usr/sbin:/sbin:/var/run/com.apple.security.cryptexd/codex.system/bootstrap/usr/local/bin:/var/run/com.apple.security.cryptexd/codex.system/bootstrap/usr/bin:/var/run/com.apple.security.cryptexd/codex.system/bootstrap/usr/appleinternal/bin:/pkg/env/global/bin:/Library/Apple/usr/bin:/var/folders/vk/dmj39y_n1n7gs0wclbyqkfn40000gn/T/cmux-cli-shims/3ECD3DF4-D103-40FA-9687-FF41627918BA:/Applications/cmux.app/Contents/Resources/bin
    /Applications/Xcode.app/Contents/Developer/Toolchains/XcodeDefault.xctoolchain/usr/bin/dsymutil /Users/joshua/Library/Developer/Xcode/DerivedData/NYCSurvive-ghjqqqvbsxaxcgcvqpdwhlawlxhh/Build/Intermediates.noindex/ArchiveIntermediates/NYCSurvive-iOS/InstallationBuildProductsLocation/Applications/NYCSurvive-iOS.app/NYCSurvive-iOS -o /Users/joshua/Library/Developer/Xcode/DerivedData/NYCSurvive-ghjqqqvbsxaxcgcvqpdwhlawlxhh/Build/Intermediates.noindex/ArchiveIntermediates/NYCSurvive-iOS/BuildProductsPath/Release-iphoneos/NYCSurvive-iOS.app.dSYM

AppIntentsSSUTraining (in target 'NYCSurvive-iOS' from project 'NYCSurvive')
    cd /Users/joshua/Documents/Code/nyc
    /Applications/Xcode.app/Contents/Developer/Toolchains/XcodeDefault.xctoolchain/usr/bin/appintentsnltrainingprocessor --infoplist-path /Users/joshua/Library/Developer/Xcode/DerivedData/NYCSurvive-ghjqqqvbsxaxcgcvqpdwhlawlxhh/Build/Intermediates.noindex/ArchiveIntermediates/NYCSurvive-iOS/InstallationBuildProductsLocation/Applications/NYCSurvive-iOS.app/Info.plist --temp-dir-path /Users/joshua/Library/Developer/Xcode/DerivedData/NYCSurvive-ghjqqqvbsxaxcgcvqpdwhlawlxhh/Build/Intermediates.noindex/ArchiveIntermediates/NYCSurvive-iOS/IntermediateBuildFilesPath/NYCSurvive.build/Release-iphoneos/NYCSurvive-iOS.build/ssu --bundle-id com.heyitsmejosh.nyc --product-path /Users/joshua/Library/Developer/Xcode/DerivedData/NYCSurvive-ghjqqqvbsxaxcgcvqpdwhlawlxhh/Build/Intermediates.noindex/ArchiveIntermediates/NYCSurvive-iOS/InstallationBuildProductsLocation/Applications/NYCSurvive-iOS.app --extracted-metadata-path /Users/joshua/Library/Developer/Xcode/DerivedData/NYCSurvive-ghjqqqvbsxaxcgcvqpdwhlawlxhh/Build/Intermediates.noindex/ArchiveIntermediates/NYCSurvive-iOS/InstallationBuildProductsLocation/Applications/NYCSurvive-iOS.app/Metadata.appintents --deployment-postprocessing --metadata-file-list /Users/joshua/Library/Developer/Xcode/DerivedData/NYCSurvive-ghjqqqvbsxaxcgcvqpdwhlawlxhh/Build/Intermediates.noindex/ArchiveIntermediates/NYCSurvive-iOS/IntermediateBuildFilesPath/NYCSurvive.build/Release-iphoneos/NYCSurvive-iOS.build/NYCSurvive-iOS.DependencyMetadataFileList --source-file /Users/joshua/Library/Developer/Xcode/DerivedData/NYCSurvive-ghjqqqvbsxaxcgcvqpdwhlawlxhh/Build/Intermediates.noindex/ArchiveIntermediates/NYCSurvive-iOS/InstallationBuildProductsLocation/Applications/NYCSurvive-iOS.app/Info.plist --archive-ssu-assets
2026-10-05 21:45:56.617 appintentsnltrainingprocessor[91699:13055625] Parsing options for appintentsnltrainingprocessor
2026-10-05 21:45:56.617 appintentsnltrainingprocessor[91699:13055625] Starting AppIntents SSU YAML Generation
2026-10-05 21:45:56.617 appintentsnltrainingprocessor[91699:13055625] No AppShortcuts found - Skipping.

Strip /Users/joshua/Library/Developer/Xcode/DerivedData/NYCSurvive-ghjqqqvbsxaxcgcvqpdwhlawlxhh/Build/Intermediates.noindex/ArchiveIntermediates/NYCSurvive-iOS/InstallationBuildProductsLocation/Applications/NYCSurvive-iOS.app/NYCSurvive-iOS (in target 'NYCSurvive-iOS' from project 'NYCSurvive')
    cd /Users/joshua/Documents/Code/nyc
    /Applications/Xcode.app/Contents/Developer/Toolchains/XcodeDefault.xctoolchain/usr/bin/strip -D /Users/joshua/Library/Developer/Xcode/DerivedData/NYCSurvive-ghjqqqvbsxaxcgcvqpdwhlawlxhh/Build/Intermediates.noindex/ArchiveIntermediates/NYCSurvive-iOS/InstallationBuildProductsLocation/Applications/NYCSurvive-iOS.app/NYCSurvive-iOS

SetOwnerAndGroup joshua:staff /Users/joshua/Library/Developer/Xcode/DerivedData/NYCSurvive-ghjqqqvbsxaxcgcvqpdwhlawlxhh/Build/Intermediates.noindex/ArchiveIntermediates/NYCSurvive-iOS/InstallationBuildProductsLocation/Applications/NYCSurvive-iOS.app (in target 'NYCSurvive-iOS' from project 'NYCSurvive')
    cd /Users/joshua/Documents/Code/nyc
    /usr/sbin/chown -RH joshua:staff /Users/joshua/Library/Developer/Xcode/DerivedData/NYCSurvive-ghjqqqvbsxaxcgcvqpdwhlawlxhh/Build/Intermediates.noindex/ArchiveIntermediates/NYCSurvive-iOS/InstallationBuildProductsLocation/Applications/NYCSurvive-iOS.app

SetMode u+w,go-w,a+rX /Users/joshua/Library/Developer/Xcode/DerivedData/NYCSurvive-ghjqqqvbsxaxcgcvqpdwhlawlxhh/Build/Intermediates.noindex/ArchiveIntermediates/NYCSurvive-iOS/InstallationBuildProductsLocation/Applications/NYCSurvive-iOS.app (in target 'NYCSurvive-iOS' from project 'NYCSurvive')
    cd /Users/joshua/Documents/Code/nyc
    /bin/chmod -RH u+w,go-w,a+rX /Users/joshua/Library/Developer/Xcode/DerivedData/NYCSurvive-ghjqqqvbsxaxcgcvqpdwhlawlxhh/Build/Intermediates.noindex/ArchiveIntermediates/NYCSurvive-iOS/InstallationBuildProductsLocation/Applications/NYCSurvive-iOS.app

CodeSign /Users/joshua/Library/Developer/Xcode/DerivedData/NYCSurvive-ghjqqqvbsxaxcgcvqpdwhlawlxhh/Build/Intermediates.noindex/ArchiveIntermediates/NYCSurvive-iOS/InstallationBuildProductsLocation/Applications/NYCSurvive-iOS.app (in target 'NYCSurvive-iOS' from project 'NYCSurvive')
    cd /Users/joshua/Documents/Code/nyc
    
    Signing Identity:     "Apple Development: trommatic@icloud.com (8VQ3Z7494A)"
    Provisioning Profile: "iOS Team Provisioning Profile: *"
                          (68658300-a1c5-42da-af2d-6755b6d27bb2)
    
    /usr/bin/codesign --force --sign DCF40745BE43EDF323978FBAEB96BAC4C4FA93E2 --entitlements /Users/joshua/Library/Developer/Xcode/DerivedData/NYCSurvive-ghjqqqvbsxaxcgcvqpdwhlawlxhh/Build/Intermediates.noindex/ArchiveIntermediates/NYCSurvive-iOS/IntermediateBuildFilesPath/NYCSurvive.build/Release-iphoneos/NYCSurvive-iOS.build/NYCSurvive-iOS.app.xcent --generate-entitlement-der /Users/joshua/Library/Developer/Xcode/DerivedData/NYCSurvive-ghjqqqvbsxaxcgcvqpdwhlawlxhh/Build/Intermediates.noindex/ArchiveIntermediates/NYCSurvive-iOS/InstallationBuildProductsLocation/Applications/NYCSurvive-iOS.app

RegisterExecutionPolicyException /Users/joshua/Library/Developer/Xcode/DerivedData/NYCSurvive-ghjqqqvbsxaxcgcvqpdwhlawlxhh/Build/Intermediates.noindex/ArchiveIntermediates/NYCSurvive-iOS/InstallationBuildProductsLocation/Applications/NYCSurvive-iOS.app (in target 'NYCSurvive-iOS' from project 'NYCSurvive')
    cd /Users/joshua/Documents/Code/nyc
    builtin-RegisterExecutionPolicyException /Users/joshua/Library/Developer/Xcode/DerivedData/NYCSurvive-ghjqqqvbsxaxcgcvqpdwhlawlxhh/Build/Intermediates.noindex/ArchiveIntermediates/NYCSurvive-iOS/InstallationBuildProductsLocation/Applications/NYCSurvive-iOS.app

Validate /Users/joshua/Library/Developer/Xcode/DerivedData/NYCSurvive-ghjqqqvbsxaxcgcvqpdwhlawlxhh/Build/Intermediates.noindex/ArchiveIntermediates/NYCSurvive-iOS/InstallationBuildProductsLocation/Applications/NYCSurvive-iOS.app (in target 'NYCSurvive-iOS' from project 'NYCSurvive')
    cd /Users/joshua/Documents/Code/nyc
    builtin-validationUtility /Users/joshua/Library/Developer/Xcode/DerivedData/NYCSurvive-ghjqqqvbsxaxcgcvqpdwhlawlxhh/Build/Intermediates.noindex/ArchiveIntermediates/NYCSurvive-iOS/InstallationBuildProductsLocation/Applications/NYCSurvive-iOS.app -shallow-bundle -infoplist-subpath Info.plist

Touch /Users/joshua/Library/Developer/Xcode/DerivedData/NYCSurvive-ghjqqqvbsxaxcgcvqpdwhlawlxhh/Build/Intermediates.noindex/ArchiveIntermediates/NYCSurvive-iOS/InstallationBuildProductsLocation/Applications/NYCSurvive-iOS.app (in target 'NYCSurvive-iOS' from project 'NYCSurvive')
    cd /Users/joshua/Documents/Code/nyc
    /usr/bin/touch -c /Users/joshua/Library/Developer/Xcode/DerivedData/NYCSurvive-ghjqqqvbsxaxcgcvqpdwhlawlxhh/Build/Intermediates.noindex/ArchiveIntermediates/NYCSurvive-iOS/InstallationBuildProductsLocation/Applications/NYCSurvive-iOS.app

PruneExplicitPrecompiledModules /Users/joshua/Library/Developer/Xcode/DerivedData/SDKExplicitPrecompiledModules

PruneExplicitPrecompiledModules /Users/joshua/Library/Developer/Xcode/DerivedData/NYCSurvive-ghjqqqvbsxaxcgcvqpdwhlawlxhh/Build/Intermediates.noindex/ArchiveIntermediates/NYCSurvive-iOS/IntermediateBuildFilesPath/ExplicitPrecompiledModules

PruneExplicitPrecompiledModules /Users/joshua/Library/Developer/Xcode/DerivedData/NYCSurvive-ghjqqqvbsxaxcgcvqpdwhlawlxhh/Build/Intermediates.noindex/ArchiveIntermediates/NYCSurvive-iOS/IntermediateBuildFilesPath/SwiftExplicitPrecompiledModules

/Users/joshua/Documents/Code/nyc/NYCSurvive.xcodeproj: warning: The Copy Bundle Resources build phase contains this target's Info.plist file '/Users/joshua/Documents/Code/nyc/Resources/Info-iOS.plist'. (in target 'NYCSurvive-iOS' from project 'NYCSurvive')
** ARCHIVE SUCCEEDED **

{"archive_path":".asc/artifacts/NYCSurvive.xcarchive","bundle_id":"com.heyitsmejosh.nyc","version":"1.1.0","build_number":"202610052145","scheme":"NYCSurvive-iOS"}
2026-10-05 21:45:57.238 xcodebuild[91713:13055693] [MT] IDEDistribution: -[IDEDistributionLogging _createLoggingBundleAtPath:]: Created bundle at path "/var/folders/vk/dmj39y_n1n7gs0wclbyqkfn40000gn/T/NYCSurvive-iOS_2026-10-05_21-45-57.238.xcdistributionlogs".
Exported NYCSurvive-iOS to: /Users/joshua/Documents/Code/nyc/.asc/artifacts/.asc-xcode-export-2200886504
** EXPORT SUCCEEDED **

{"archive_path":".asc/artifacts/NYCSurvive.xcarchive","export_options_path":".asc/ExportOptions-iOS.plist","ipa_path":".asc/artifacts/NYCSurvive.ipa","bundle_id":"com.heyitsmejosh.nyc","version":"1.1.0","build_number":"202610052145"}
Uploading NYCSurvive.ipa (646696 bytes) to App Store Connect...
Upload committed in App Store Connect.
Waiting for build 202610052145 (1.1.0) to appear in App Store Connect...
Submit preflight failed: submission-blocking localization fields are missing:
  - en-US: whatsNew
Fix these with `asc metadata push` or `asc apps info edit` before retrying `asc publish appstore --submit`.
Error: publish appstore: submit preflight failed
{"workflow":"ship-ios","status":"error","error":"workflow: ship-ios step 4: exit status 1","failed_step":"publish","recoverable":true,"run_id":"ship-ios-20261006T044546Z-c7876e45","run_file":"/Users/joshua/Documents/Code/nyc/.asc/runs/ship-ios-20261006T044546Z-c7876e45.json","resume":{"command":"asc workflow run --file '/Users/joshua/Documents/Code/nyc/.asc/workflow.json' 'ship-ios' --resume 'ship-ios-20261006T044546Z-c7876e45'"},"hooks":{"before_all":{"command":"asc auth status","status":"ok","duration_ms":41}},"steps":[{"index":1,"name":"bump","command":"asc xcode version edit --version \"$VERSION\" --build-number \"$(date +%Y%m%d%H%M)\"","status":"ok","duration_ms":49},{"index":2,"name":"archive","command":"asc xcode archive --project NYCSurvive.xcodeproj --scheme NYCSurvive-iOS --archive-path .asc/artifacts/NYCSurvive.xcarchive --overwrite --xcodebuild-flag=-skipPackagePluginValidation --xcodebuild-flag=-allowProvisioningUpdates --output json","status":"ok","duration_ms":10444},{"index":3,"name":"export","command":"asc xcode export --archive-path .asc/artifacts/NYCSurvive.xcarchive --export-options .asc/ExportOptions-iOS.plist --xcodebuild-flag=-allowProvisioningUpdates --overwrite --ipa-path .asc/artifacts/NYCSurvive.ipa --output json","status":"ok","duration_ms":14191},{"index":4,"name":"publish","command":"asc publish appstore --app $IOS_APP_ID --ipa .asc/artifacts/NYCSurvive.ipa --version $VERSION --wait --submit --confirm --output json","status":"error","duration_ms":127835,"failure_reason":"command_failed","error":"exit status 1"}],"duration_ms":152563}
